videoId,cleanedData,sentiment
wUn05hdkhjM,best trailer ever,positive
wUn05hdkhjM,trailer yang menarik,neutral
wUn05hdkhjM,i just watching this again ,neutral
wUn05hdkhjM,the only true family in the whole mcu god bless james gunn,positive
wUn05hdkhjM,gotg 3 might have been the best film of this trliogy this was the best trailer,positive
wUn05hdkhjM,this hits different after gotg 3,neutral
wUn05hdkhjM,why an i still watching this after 6 years,neutral
wUn05hdkhjM,im nostalgic for this trailer and this movie i saw it in theatres back when i was still in elementary school 7th grade and now im out of highschool things were simpler then there was all the hype after civil war then this and then infinity war endgame and now the third guardians movie which i saw in theatres twice and cried both times i will never forget these characters these movies and will forever be grateful to james gunn,negative
wUn05hdkhjM,anyone still rewatching this trailer in 2023 anyone,neutral
wUn05hdkhjM,im so hyped for this movie cant wait to see it,neutral
wUn05hdkhjM,111 love this title card name bit edited well,positive
wUn05hdkhjM,its over again in this may 2023 i felt be like a nostalgic remember when i watched that movie,negative
wUn05hdkhjM,an amazing trailer although it probably didnt need the final bit,positive
wUn05hdkhjM,i remember this 6 years ago i was about to graduate high school good memories,positive
wUn05hdkhjM,"marvels first family  fantastic four 
mcus first family  freaking guardians of the galaxy",positive
wUn05hdkhjM,why is groot wearing the ravenger outfit at the start of the movie,neutral
wUn05hdkhjM,how did gunn pull this off  this trailer took me back and just seeing how many characters are in this movie that we care about  its crazy,negative
wUn05hdkhjM,i think a sequel would be profitable,neutral
wUn05hdkhjM,best guardians movie hands down,positive
wUn05hdkhjM," you are not friends
 no were family

hits harder now",negative
wUn05hdkhjM,guardians of the galaxy vol2 was amazing baby groot my favorite ,positive
wUn05hdkhjM,i got my tickets ready i cant wait,positive
wUn05hdkhjM,i came to terms that gotg is the best team ever respectfully i love stark tho,positive
wUn05hdkhjM,its been 6 yrs,neutral
wUn05hdkhjM,i havent seen this trailer in so long my god this takes me back,negative
wUn05hdkhjM,was the thumbnail for this actually a title card mid transition,neutral
wUn05hdkhjM,why me maybe i am the chosen one ,neutral
wUn05hdkhjM,im so excited,positive
wUn05hdkhjM,man prepping for gotg this weekend crazy,negative
wUn05hdkhjM,watcging this after watching the 3rd movie,neutral
wUn05hdkhjM,im bouta see vol 3 and i see this in my recommended page,neutral
wUn05hdkhjM,happy 6th anniversary marvel studios guardians of the galaxy 2 aka vol 2 may 5 2017 rip stan lee,positive
wUn05hdkhjM,not only marvel but alot of studios need to step up with their trailers lately  this still rocks,negative
wUn05hdkhjM,easily top 3 marvel trailers ever,positive
wUn05hdkhjM,wow vol 3 also comes out on may 5th,positive
wUn05hdkhjM,that was joyous times of this anticipation,neutral
wUn05hdkhjM,this was a pretty good movie in the theaters,positive
wUn05hdkhjM,rocket thanks from ryan,positive
wUn05hdkhjM,wow this one has a very different vibe from the gotg 3 trailer,positive
wUn05hdkhjM,gusrdians of the galaxy 2 2017,neutral
wUn05hdkhjM,you did this,neutral
wUn05hdkhjM,god i love the text dont they chose for the trailers for this film,positive
wUn05hdkhjM,216  creepy eyes still,negative
wUn05hdkhjM,oml at 155 starmora are holding hands why wasnt this is the movie,neutral
wUn05hdkhjM,top ten mcu movie trailer,positive
wUn05hdkhjM,the funniest scene was when drax put on quills suit while carrying mantis and was like my nipples,neutral
wUn05hdkhjM,the amount of justice they did to fleetwood macs the chain is honestly insane it made the trailer for me,negative
wUn05hdkhjM,rip christine mcvie,neutral
wUn05hdkhjM,when marvel no was woke,neutral
wUn05hdkhjM,103 102,neutral
wUn05hdkhjM,5 year anniversary sly stallone and kurt russell were the best in this movie im looking forward to the third guardians of the galaxy on the same date in the next year,positive
wUn05hdkhjM,22,neutral
wUn05hdkhjM,113,neutral
wUn05hdkhjM,its sad this trailer got so little views,negative
wUn05hdkhjM,this video is so nice i will download the movie,positive
wUn05hdkhjM,i cant wait for the third volume come on feige hype us up some company are just douchebags and you can do much better,positive
wUn05hdkhjM,2022 and the one and only thing that can give marvel some quality are still the guardians of the galaxy,neutral
wUn05hdkhjM,honestly this movie is kinda underrated given how low ppl rank it in the mcu i think its aged pretty well,negative
wUn05hdkhjM,song name plss,neutral
wUn05hdkhjM,jesus is the lord,neutral
wUn05hdkhjM,to this day the guardians of the galaxy films are still my favorite mcu films,positive
wUn05hdkhjM,kinda crazy how much this trailer throws viewers off the scent of what the movie is actually about,negative
wUn05hdkhjM,classic ,positive
wUn05hdkhjM,5 years later i can still hear them saying you must never break the chain happy anniversary to one of my favorite movies,positive
wUn05hdkhjM,i cant believe this movie is officially 5 years old,positive
wUn05hdkhjM,"all you do is yell at each other your not friends

drax no were family

dom ",negative
wUn05hdkhjM,"the mcu is vast expansive and colourful and that fact is thanks to the guardians movies
so gg you loveable pack of spacefaring misfits i am groot",positive
wUn05hdkhjM,i love this movie so much 2022,positive
wUn05hdkhjM,me  ,neutral
wUn05hdkhjM,probably the funniest mcu film ive ever watched,neutral
wUn05hdkhjM,i really love this movie back in 2017,positive
wUn05hdkhjM,y does this trailer have no views,neutral
wUn05hdkhjM,roses are red violets are blue he climbed us and we haven in aview,neutral
wUn05hdkhjM,this is cool,positive
wUn05hdkhjM,having watched the movie they did a great job not spoiling ego and going with a misdirect that the sovereign are the villains,positive
wUn05hdkhjM,song name,neutral
wUn05hdkhjM,rocket is so funny,positive
wUn05hdkhjM,i watched this trailer when it first came out been watching it since it never gets old,positive
wUn05hdkhjM,just think this movie exists because rocket stole some harbulary batteries,neutral
wUn05hdkhjM,groot is back,neutral
wUn05hdkhjM,hello peter,neutral
wUn05hdkhjM,any buddy knows the story tell to me just watch for vfx effects ,neutral
wUn05hdkhjM,huhthat was a fun trailer to rewatch,positive
wUn05hdkhjM,kudos to james gun cant wait for gotg vol 3,neutral
wUn05hdkhjM,one of the best trailers ever  with one of the best songs ever the chain fleetwood mac,positive
wUn05hdkhjM,they really did gotg member dirty in end game i hope they do something about that in future,negative
wUn05hdkhjM,family,neutral
wUn05hdkhjM,"022

just something for edit",neutral
wUn05hdkhjM,guardians of the galaxy game honestly matches the vibe of this version of the guardians,positive
wUn05hdkhjM,aoshda,neutral
wUn05hdkhjM,notice how in the trailer for the first film the listed off the actors names for the sequel since they became so popular theyre listing off the characters names,positive
wUn05hdkhjM,darth vader i am your father,neutral
wUn05hdkhjM,i like this scene 252,neutral
wUn05hdkhjM,wtf i thought this was the trailer for gotg 3 for a second,negative
wUn05hdkhjM,ahhh i need gaurdians 3 right now also it breaks my heart remembering that our gamora from this movie was murdered,positive
wUn05hdkhjM,super film ,positive
wUn05hdkhjM,dudee this trailer is amazing,positive
wUn05hdkhjM,familia toda la vida ,neutral
wUn05hdkhjM,yondu rocket and groot oh what a savage team this would have been in the endgames,neutral
wUn05hdkhjM,why is youtube recommending this i thought its the vol 3 ,neutral
wUn05hdkhjM,one of the best scifi movies ever made  gotg has got to be one of the best examples of using cgi to create mindblowing cinematic visuals,positive
wUn05hdkhjM,154 dom  yes were strong cz we are family,positive
wUn05hdkhjM,of course the film is about family doms in it,neutral
wUn05hdkhjM,"dom you said family 


welcome to the family drax",positive
wUn05hdkhjM,baby groot,neutral
wUn05hdkhjM,this trailer lives rent free in my mind,positive
wUn05hdkhjM,esta thor por que endgame se unio a los guardianes,neutral
wUn05hdkhjM,baby groot is the freaking cutest,neutral
wUn05hdkhjM,"i sell bread peter
i look rad peter
arent you glad peter
because im bad peter
dont be sad peter
why you mad peter",negative
wUn05hdkhjM,155  f a m i l y,neutral
wUn05hdkhjM,"i love how you could watch this trailer and be excited but have no idea what the plot of the movie is going to be
i have recently been disappointed by a different movie trailer that basically told me the plot of the whole movie",positive
wUn05hdkhjM,best trailer ever,positive
wUn05hdkhjM,not me accidentally reading it guardians of the galaxy vol 3 trailer 2 ,neutral
wUn05hdkhjM,after watching vol 1   3 years back  today i decided to watch vol 2 but when i watched that movie  i came to know it was vol 1  and the movie which ive watched 3 years back was actually vol 2   now i am watching this trailer and i think i have watched this movie which is vol 2 which i have already watched  ,neutral
wUn05hdkhjM,the guardians trailers have a recurring theme of being bad when the movies are actually good,positive
wUn05hdkhjM,this just makes me miss the days of 3rd grade when we were so hype to see this movie in my class oh man,neutral
wUn05hdkhjM,jehfwhefkhwehf wefhowef iwuhefioweh,neutral
wUn05hdkhjM,you guys never told me the starlords dad  was an agent in fast and furious as nobody,positive
wUn05hdkhjM,whoever edited this trailer is a freaking genius,neutral
wUn05hdkhjM,"before i was into wrestling in 2020
i didnt know who the guy drax was played by then i found out that the guy who plays drax is none other then wrestler batista
wow",negative
wUn05hdkhjM,who watching this trailer in 2021,neutral
wUn05hdkhjM,thanks to youtube  i got recommend this video after 4 yrs,positive
wUn05hdkhjM,027 this trailer really made them seem like the main antagonists,positive
wUn05hdkhjM,die spaceship best line,positive
wUn05hdkhjM,please update pannunga anna,neutral
wUn05hdkhjM,god this movie was amazing i even cried ,positive
wUn05hdkhjM,i love this movie never gets old what an movie,positive
wUn05hdkhjM,get down chain song,negative
wUn05hdkhjM,"mantis shows mantis for 1 second looking back

nebula",neutral
wUn05hdkhjM,rocket is my favourite,neutral
wUn05hdkhjM,leah and zac a royal problem 322013,neutral
wUn05hdkhjM,fuckin love fleetwood mac,positive
wUn05hdkhjM,most underrated film in the mcu,positive
wUn05hdkhjM,i just cant wait for val 3 with thor,neutral
wUn05hdkhjM,one of the best trailers ever not the best movie tho,positive
wUn05hdkhjM,i prefer this movie much more than the first one,positive
wUn05hdkhjM,baby groot is my favorite thing ever,positive
wUn05hdkhjM,2021,neutral
wUn05hdkhjM,cmoooon this showed up and i thought it was vol 3,neutral
wUn05hdkhjM,"peter who are you
ego i am your father 
peter noooooooo",neutral
wUn05hdkhjM,"marvel we decided to release vol3 in 2020
corona i will be the judge of that",neutral
wUn05hdkhjM,for a minute i thought it said volume 3 trailer 2 ,neutral
wUn05hdkhjM,which song is next for vol3,neutral
wUn05hdkhjM,"2014  we are groot
2021  we are marvel fans",neutral
wUn05hdkhjM,2021 anyone and whos hyped for vol 3,neutral
wUn05hdkhjM,2021,neutral
wUn05hdkhjM,the most underrated marvel movie,positive
wUn05hdkhjM,my downloads offline not responding,neutral
wUn05hdkhjM,you can really tell that james gunn had a great time doing this,positive
wUn05hdkhjM,who wants a funeral like yondus i know i do,positive
wUn05hdkhjM,i still cant believe they fired james gunn then rehired him because they need him to make guardians of the galaxy vol 3 they should never fired him at all,neutral
wUn05hdkhjM,i forgot this movie had a trailer,neutral
wUn05hdkhjM,one of the coolest trailers,neutral
wUn05hdkhjM,the guardians of the galaxy soundtrack is just top level,positive
wUn05hdkhjM,groot,neutral
wUn05hdkhjM,they spoiled the mantis coming to the mcu stuff,neutral
wUn05hdkhjM,when i saw this i was like vol 3 yay but then i realised,neutral
wUn05hdkhjM,gonna be 100 i think this is the last good marvel movie,positive
wUn05hdkhjM,bbbhhbb   i have a rrrrr  b,neutral
wUn05hdkhjM,cccft is a great woman and a tubby,positive
wUn05hdkhjM,pppp,neutral
wUn05hdkhjM,anybody accidentally thought this was vol 3,neutral
wUn05hdkhjM,2020,neutral
wUn05hdkhjM,colossians 38 but now you must put them all away anger wrath malice slander and obscene talk from your mouth,negative
wUn05hdkhjM,follow the ten commandments,neutral
wUn05hdkhjM,god i miss being hyped up for this movie i love guardians vol 1 and 2 cant wait for vol 3 sad thats supposed to be the last adventure for starlord and the gang,neutral
wUn05hdkhjM,someone after fortnite chapter 2 season 4 nexus war,neutral
wUn05hdkhjM,who is here after seeing the this movie,neutral
wUn05hdkhjM,omg i thought it said vol 3 trailer 2 ugh,neutral
wUn05hdkhjM,022 bam,neutral
wUn05hdkhjM,146 invisible drax,neutral
wUn05hdkhjM,one of the best marvel  movies ever,positive
wUn05hdkhjM,i thought ayesha and the sovereign were awesome its said theyre gonna show up in guardians 3 so im pumped for their hopefully theyre the main villains and not secondary like here,positive
wUn05hdkhjM,this is my favorite trailer and its only because of fleetwood mac,positive
wUn05hdkhjM,022 and 048 man that soundtrack is phenomenal,positive
wUn05hdkhjM,what an awesome trailer,positive
wUn05hdkhjM,goddam trailer 3 made me excited for a few seconds because i thought it said volume 3,positive
wUn05hdkhjM,man this trailer doesnt do the movie justice at all,neutral
wUn05hdkhjM,i thought it said the trailer for vol 3 ,neutral
wUn05hdkhjM,146 that was a small teaser for what drax did in the spaceship in infinity war,negative
wUn05hdkhjM,"wanna hear a joke








teaser face",neutral
wUn05hdkhjM,tape cassettes,neutral
wUn05hdkhjM,"peter who the hell are you

i am your father",neutral
wUn05hdkhjM,be,neutral
wUn05hdkhjM,remember watching this years ago it never gets old,positive
wUn05hdkhjM,is it just me who got this on my recommended and shocked thought it was vol3,negative
wUn05hdkhjM,2020 anyone,neutral
wUn05hdkhjM,this movie has some of the worst dialogue ive ever heard i have famously huge turds yuck,negative
wUn05hdkhjM,until vol 3 on 2023,neutral
wUn05hdkhjM,best trailer ever 2020 im still watching,positive
wUn05hdkhjM,"remember when marvel used to spoil the entire movie in 23 trailers


yeah i miss those days",neutral
wUn05hdkhjM,nebula idiots,negative
wUn05hdkhjM,"1 star wars  100
2 guardians of the galaxy  100",neutral
wUn05hdkhjM,man i love this trailer,positive
wUn05hdkhjM,who is here after the black widow trailer,negative
wUn05hdkhjM,i have surprised that sylvester stallone is here,positive
wUn05hdkhjM,i thought it said vol 3 i got excited for a sec,positive
wUn05hdkhjM,crazy how they used a song from the 70s to completely hyped tf up when it came out lmao,positive
wUn05hdkhjM,just watching this trailer two long years later brings back so many memories oh my gosh,positive
wUn05hdkhjM,"guardiansvol1peter mom issues 
gaudians vol2peter dad issues
infinity warfather in law issue 
endgamegirlfriendgamoraissue",neutral
wUn05hdkhjM,2017 was best year for movies in this decadedecade before was 2001 best for moviesin 90s was 1998 a movie yearand in 80s is definitely 1982,positive
wUn05hdkhjM,whats the music of the trailer,neutral
wUn05hdkhjM,galaxy vol 2018,neutral
wUn05hdkhjM,"the suicide squad 2021
sean gunn as the weasel 
steve agee as king shark 
idris elba as vigilante
brightburn
david dastmalchian as polka dot man",neutral
wUn05hdkhjM,who else is watching it in 2019 ,neutral
wUn05hdkhjM,now waiting for the asguardians of the galaxy,neutral
wUn05hdkhjM,already release or not this film,neutral
wUn05hdkhjM,157 peter and gamora holding hands ,neutral
wUn05hdkhjM,great thing about these movies is i dont think there is a character that i dont like,positive
wUn05hdkhjM,not as good as the first,positive
wUn05hdkhjM,peters look in the end ,neutral
wUn05hdkhjM,greatness movie trailer of all time the s jg jesus ,neutral
wUn05hdkhjM,so you are like my space dad,neutral
wUn05hdkhjM,after endgame,neutral
wUn05hdkhjM,what is music of this awsom trailer plz,neutral
wUn05hdkhjM,name of song please,neutral
wUn05hdkhjM,this trailer was better than the actual movie,positive
wUn05hdkhjM,oh what am i watching i thought it was vol3 xddd,neutral
wUn05hdkhjM,one of the best movie ,positive
wUn05hdkhjM,still in my opinion one of the best mcu movies,positive
wUn05hdkhjM,i am inevitable,neutral
wUn05hdkhjM,i am your father,neutral
wUn05hdkhjM,marvel studios  now thats is in cinemas the endgame movie  we gonna put our old móvies in youtube recomendations,positive
wUn05hdkhjM,i cant wait for volume 3 trailer i really wanna know of gamora will come back and reunite most likely,positive
wUn05hdkhjM,who thought this was vol 3 laeve a like,neutral
wUn05hdkhjM,whos in 2019,neutral
wUn05hdkhjM,this showed in my reccommended and i thought it was vol 3 and i was like helllll yeahhhhhhh until when i clicked the vidand im not copying heart 11 guy this actually happened,neutral
wUn05hdkhjM,"i legit thought it said volume 3 
and lemme tell ya i was pissed when i found out it wasnt",neutral
wUn05hdkhjM,who else is after endgame,neutral
wUn05hdkhjM,"people will see vol 2 as vol 3
and later maybe would see vol 3 and 4",neutral
wUn05hdkhjM,"who the hell are you
first peter
and recently thor",positive
wUn05hdkhjM,why is gamora,neutral
wUn05hdkhjM,i love you 3000,positive
wUn05hdkhjM,"no one 

recommendation 2019  guardians of the galaxy 2",neutral
wUn05hdkhjM,claire will gonna b so jealous bout this,neutral
wUn05hdkhjM,its been 2 years already,neutral
wUn05hdkhjM,i am groot,neutral
wUn05hdkhjM,best mcu movie you cannot change my mind,positive
wUn05hdkhjM,happy 2019,positive
wUn05hdkhjM,i think i read this wrong,negative
wUn05hdkhjM,i  love  guardians  of the galaxy 1 and  2,positive
wUn05hdkhjM,uh u mean asgardians of the galaxy,negative
wUn05hdkhjM,anyone else see the trailer as guardians of the galaxy vol 3 official trailer  because i did and i clicked soooo fast,positive
wUn05hdkhjM,i saw this in my recommendations i thought it was guardians of the galaxy vol 3,neutral
wUn05hdkhjM,it feels weird looking at gamora,negative
wUn05hdkhjM,the new mcu trailers are much better think that trend started with the first gotg,positive
wUn05hdkhjM,"who is here after the end of the world






yes actually",neutral
wUn05hdkhjM,i know im the minority here but this is probably my favorite marvel studios movie way better than the first guardians film,positive
wUn05hdkhjM,i want neb to join the guardians,neutral
wUn05hdkhjM,anyone else like to revisit these,neutral
wUn05hdkhjM,whos in 2019,neutral
wUn05hdkhjM,gold,neutral
wUn05hdkhjM,i edited this trailer and replaced the song with happy together because i think it fits give it a watch if u want  if not its fine haha p,positive
wUn05hdkhjM,damnit  i thought it said vol 3,neutral
wUn05hdkhjM,this popped up in my recommendations and i bought it was for vol3 ffs ,neutral
wUn05hdkhjM,i thought it said vol 3 and i got super excited for a second,positive
wUn05hdkhjM,thor will be in gotg volume 3,neutral
wUn05hdkhjM,i remember it was this trailer that got me excited for guardians vol 2,positive
wUn05hdkhjM,2019 anyone just wanted to watch some good old marvel trailers after the endgame,positive
wUn05hdkhjM,i had a sumsung galaxy phone ,neutral
wUn05hdkhjM,rip yondu,neutral
wUn05hdkhjM,145 yondu,neutral
wUn05hdkhjM,this is one of marvels best trailers,positive
wUn05hdkhjM,yo i thought this is the trailer for vol 3 cuz its in my recommendations,neutral
wUn05hdkhjM,this film is a fuckin masterpiece,neutral
wUn05hdkhjM,this was a good movie,positive
wUn05hdkhjM,worst tamil dubbing voice ,negative
wUn05hdkhjM,all the sound track vol 1 and vol 2 are awesome ,positive
wUn05hdkhjM,lol,positive
wUn05hdkhjM,i am groot,neutral
wUn05hdkhjM,2019,neutral
wUn05hdkhjM,mantis look out,neutral
wUn05hdkhjM,2019,neutral
wUn05hdkhjM,"road to avengers endgame next stop is here 

ironman 
the incredible hulk 
ironman 2 
thor 
captain america the first avenger 
the avengers 
ironman 3 
thor the dark world 
captain america the winter soldier 
guardians of the galaxy 
avengers age of ultron 
antman 
captain america civil war
doctor strange 
guardians of the galaxy vol 2 
spiderman homecoming 
thor ragnarok 
black panther 
avengers infinity war 
antman  the wasp 
captain marvel 
avengers endgame ",positive
wUn05hdkhjM,"tony after all these years ive found you
hiro and who the hell are you
tony im your dad hiro",neutral
wUn05hdkhjM,who is here after watching avengers end game trailer,negative
wUn05hdkhjM,that trailer soundtrack i cried,neutral
wUn05hdkhjM,it was better than i expected  good movie and fortunately sequel i tracked using boxxy software with german dubbing,positive
wUn05hdkhjM,pls but uptown girl by billy joel in vol3,neutral
wUn05hdkhjM,im groot ,neutral
wUn05hdkhjM,will keep hisher name adam,neutral
wUn05hdkhjM,19802014,neutral
wUn05hdkhjM,who else here for baby groot,neutral
wUn05hdkhjM,fake chutiya,negative
wUn05hdkhjM,here after watching infinity war,neutral
wUn05hdkhjM,marvel garduains of glaxy vol 3 confirm plz tell me plz,neutral
wUn05hdkhjM,bruhthis trailer is awesomebetter than infinity war trailer,neutral
wUn05hdkhjM,"it is the first time i am seeing any marvel movies 3rd trailer
i have seen only 2 trailers of any movie",positive
wUn05hdkhjM,gonna see today,neutral
wUn05hdkhjM,who here after infinity war,neutral
wUn05hdkhjM,and then theres infinity war part 1 ,neutral
wUn05hdkhjM,i love guardians of the galaxy vol 2 ,positive
wUn05hdkhjM,cant believe this trailer has mere 3 million views ,negative
wUn05hdkhjM,sorry i didnt see it said trailer 3 i thought it said vol3,negative
wUn05hdkhjM,thats vol2 not vol3,neutral
wUn05hdkhjM,isnt that trailer 2,neutral
wUn05hdkhjM,i love marvel studios,positive
wUn05hdkhjM,i cant believe this was that long ago,negative
wUn05hdkhjM,who came here after avengers infinity war,neutral
wUn05hdkhjM,die spaceship,neutral
wUn05hdkhjM,i remember when i first seen this trailer i seriously could not stop watching it for the next two months until the move finally released i swear id watch 1015 times a day,negative
wUn05hdkhjM,im just looking for videos of wyatt oleff in this because i havent seen 2 but i just watched the opening scene of 1 and freaked out because i hadnt realised it was him,neutral
wUn05hdkhjM,"peter who the hell are you 
ego im your dad peter 
vader shows up out of nowhere you have a son this is wonderful i must tell everyone",positive
wUn05hdkhjM,this volume two,neutral
wUn05hdkhjM,warningif you are a christian you do not want to see this film this movie is disgusting an extremely offensive spoiler alertchris pratt is the son of god then he kills his dad  i heard i was too sick to my stomach to watch the entire film this is an attack on our god god of america 1 nation under god in god we trust now you see why we are falling apart god please have mercy on us praise your name praise god you are a loving merciful god praise god for your loving kindness an wonderful deeds god have mercy on the people who are fooled by satan hollywood funny how everything in the bible is all coming true jesus you are my lord an savior,positive
wUn05hdkhjM,im mary poppins yall,neutral
wUn05hdkhjM,nice,positive
wUn05hdkhjM,why you lying this is vol 2 not 3,neutral
wUn05hdkhjM,best trailer ever,positive
wUn05hdkhjM,guardian of the galaxy is much better than guardian of the galaxy 2 will the space scene and the fight scene is fun even they have some funny part in the movie but i still recommend this movie   i just enjoy the main character in guardian of the galaxy 2 star lord is the best part of the movie and the fight scene ,positive
wUn05hdkhjM,i love this band of misfits,positive
wUn05hdkhjM,even after watching the movie the trailer is still awesome,positive
wUn05hdkhjM,nice,positive
wUn05hdkhjM,you should make a movie where carnage teams with loki and spider man teams up with scarlet spider ben reillyand thor and anti venom having trouble deciding to be good or bad if you do good luck marvel and thanks for everything,positive
wUn05hdkhjM,make a movie about gambit,neutral
wUn05hdkhjM,this movie guardians of the galaxy vol 2  cgi use never ever hollywood movie using cgi this movie use wow   ,positive
wUn05hdkhjM,less than 2 minutes and i got guardiansofthegalaxyvol220171080phdtsx26424hd,negative
wUn05hdkhjM,dc bad marvle good,positive
wUn05hdkhjM,vol  3 and iroman 4  2018,neutral
wUn05hdkhjM, i like you rocket and guroot,neutral
wUn05hdkhjM,"starlord dances with gamora 
gamora fires a big gun
drax die spaceship
rocket opens gun 
groot waves at gamora
yondu uses arrow thing
mantis turns around poor her",negative
wUn05hdkhjM,in retrospect im kinda glad i saw this trailer after the movie  it doesnt spoil too much but it does ruin the ambiguity of a couple things  more importantly though its rather misleading and puts too much of the plot on the table for my liking  personally i feel like this movie is best enjoyed from a blank slate,positive
wUn05hdkhjM,plz sub to me plz new channel,positive
wUn05hdkhjM,guys carrerastoys on instagram has a massive marvel giveaway follow him to enter carrerastoys   marvel tmny,neutral
wUn05hdkhjM,the thing star lord is holding is like a old soccer game thing,negative
wUn05hdkhjM,keep the likes on this comment even for baby gru small tree,negative
wUn05hdkhjM,do marvel heart comments,neutral
wUn05hdkhjM,admit it the movie was bullshit but it was worth it watching baby groot and all of them laughing and making jokes,positive
wUn05hdkhjM,mind blown at the end,neutral
wUn05hdkhjM,this movie was awesome but quit the sjw bullshit,positive
wUn05hdkhjM,his colour is yellow,neutral
wUn05hdkhjM,"hey i came up with this idea of a new superhero
this is can fly laserown automobiles and starts with he playing pokemon go and fall down and started flying",positive
wUn05hdkhjM,such a good movie,positive
wUn05hdkhjM,whats the song playing i cant remember its name,neutral
wUn05hdkhjM,im mary poppins yall,neutral
wUn05hdkhjM,song at 047,neutral
wUn05hdkhjM,bbnn,neutral
wUn05hdkhjM,22s   what song,neutral
wUn05hdkhjM,great movie,positive
wUn05hdkhjM,like para que marvel haga la pelicula que cancelaron spider man carnage likeee,neutral
wUn05hdkhjM,hi everyone ive made a channel here on youtube and i want to talk about this world that i love its from the heroes i have so far a little video on the channel just to keep my dream in mind and to post more videos would you like an encouragement can you help me,positive
wUn05hdkhjM,that is pretty cool that he finds his dad but it would have been a lot cooler if we found that out in the actual movie and not in the trailer,positive
wUn05hdkhjM,if youre watching this in may 2017 the month this movie releases in subscribe to my channel,neutral
wUn05hdkhjM,l aldo ingentes super hero,positive
wUn05hdkhjM,his name is kidman,neutral
wUn05hdkhjM,i want that this movie will success like star wars,positive
wUn05hdkhjM, guardians of the galaxy vol 2 full movie hd quality  httpsplusgooglecomnegeridigitalpostsfnziw47f55e ,positive
wUn05hdkhjM,god,neutral
wUn05hdkhjM,yondu dies,neutral
wUn05hdkhjM,im mary poppins yall,neutral
wUn05hdkhjM,drax needs his own stand up comedy show lmao,positive
wUn05hdkhjM,wanna know a spoiler starlord dad is a villain yondu dies in the end saving the starlord enjoy ,positive
wUn05hdkhjM,so fun movie,positive
wUn05hdkhjM,215 noooooo thats impossibblleeeeee,neutral
wUn05hdkhjM,i cried at the part when _____ died,neutral
wUn05hdkhjM,this is the first ever movie cried too and theres also pacman in this movie xd,positive
wUn05hdkhjM,yea i want to save the galaxy,neutral
wUn05hdkhjM,215 i am your dad pidar,neutral
wUn05hdkhjM,043 this is the best thing i have ever seen,positive
wUn05hdkhjM,i wonder if theres another dance scene that will totally ruin the ending most embarrassing moment for the whole mcu,positive
wUn05hdkhjM,"oh thats intense 
killer bass theme",positive
wUn05hdkhjM,marvel i love you so much for using fleetwood mac  the chain in this trailer and in such a cool moment in the movie,positive
wUn05hdkhjM,127  that gun recoil added in post looks so bad d but great movie,positive
wUn05hdkhjM,whats the deal with the obviously thing i watched the movie and im still confused,negative
wUn05hdkhjM,ofc that hero assembly shot thingy wasnt in the actual movie everyone else but quill was there,neutral
wUn05hdkhjM,superheroes arent cool,positive
wUn05hdkhjM,please use vehicle by ides of march for vol3 trailer so 70s so perfect,positive
wUn05hdkhjM,207 u can see some other girl standing next to peters dad,negative
wUn05hdkhjM,just watched it on saturday in mexico laughing and laughing most of the movie going to see it again again here in the us as soon as it comes out,positive
wUn05hdkhjM,i watched guardians of the galaxy vol2 today i loved it ,positive
wUn05hdkhjM,when  can watch  spiderman homecoming  movie,neutral
wUn05hdkhjM,"can someone please tell me  what rocket said to taserface 

what was your second choice ___________   


thanks",positive
wUn05hdkhjM,hey guys i created a playlist with possible songs for awesome mix vol 3 check out httpsopenspotifycomuserallanmfmottaplaylist110nkmdlb1bmre0htfhsx4,positive
wUn05hdkhjM,can anyone tell me which song it is,neutral
wUn05hdkhjM,yondu dies peters dad is evil,negative
wUn05hdkhjM,when i watched the movie i was awestruck the movie is full of surprises and belly full of laughs dont listen to critics its way better than the first one id be happy to say james gunn did an excellent job when nothing keeps me happy marvel movies are the one to make me smile,positive
wUn05hdkhjM,jesus so much is given away with these trailers shame,positive
wUn05hdkhjM,ive seen this movie and it is awesome i am from the philippines i love the quill vs ego scene which is a reference to vader vs luke in empire strikes back,positive
wUn05hdkhjM,ive seen the movie now and im seeing it again tomorrow im soooooo lucky,positive
wUn05hdkhjM,this movie isand quoting drax that its awesome,positive
wUn05hdkhjM,whats this song,neutral
wUn05hdkhjM,"star wars no luke i am your father
guardians of the galaxy im your dad peter

inhales ok",positive
wUn05hdkhjM,franklin richards vs legion please,neutral
wUn05hdkhjM,i watched the movie today its very funny and heartbreaking if you think im lying its alreadt showing hear in the philippines,positive
wUn05hdkhjM,i watched it its marvelous you raged now,positive
wUn05hdkhjM,finally watched it tonight it was fantastic there were slow parts but overall it was great there are 45 ending credit scenes,positive
wUn05hdkhjM,"spoiler alert









yondu dies ego peters father turns out to be the main villain",positive
wUn05hdkhjM,anyone else notice the wilhelm scream in that monsters roaring at 008,neutral
wUn05hdkhjM,what the hell is that bassline that starts around 020  021seconds i know the tune and can play it but cant name it,neutral
wUn05hdkhjM,"the movie is way better than the trailers seriously 
its already rolling in my country ive watched it",positive
wUn05hdkhjM,its april 26,neutral
wUn05hdkhjM,i watch in cinema full movie,positive
wUn05hdkhjM,i cry last part of gurdian galaxy yondu died he sacrificed to peter and peter  dad are villain,neutral
wUn05hdkhjM,028 he is so cute,positive
wUn05hdkhjM,what remix of the chain is this,neutral
wUn05hdkhjM,you should make spiderman versus deadpool the movie,neutral
wUn05hdkhjM,"115
             
                             
       ",neutral
wUn05hdkhjM,watching chris pratt in parks and rec and hearing him say sometimes the thing you are searching for your whole life is right there by your side all along,positive
wUn05hdkhjM,chain keep us together running in the shadow,neutral
wUn05hdkhjM,i love marvel but how the hell anyone can like this  it looks animated  the acting is soo cheesy  kinda feels like over acting ,neutral
wUn05hdkhjM,"peterand who the hell are you
ego i am nobody from nowhereu want work for me",neutral
wUn05hdkhjM,ohhh i hope marvel make more new superheroes movies,positive
wUn05hdkhjM,ahhhhhhhhhhhhhhhhhhdrax 2017,neutral
wUn05hdkhjM,what is the background song,neutral
wUn05hdkhjM,whats the name of the soundtrack,neutral
wUn05hdkhjM,did anyone else notice rocket was floating near the end,positive
wUn05hdkhjM,fleetwood macs the chain fits perfectly here i hope this remixed edit will make its way to the original soundtrack,positive
wUn05hdkhjM,a garden of the galaxy,neutral
wUn05hdkhjM,this one time me and my dad went to see the new power rangers movie and this trailer came on with this movie,positive
wUn05hdkhjM,whats the title of the music,neutral
wUn05hdkhjM,aaaaand now i ship nebula and drax,neutral
wUn05hdkhjM,i watched the first guardians because i had nothing else to watch that day  now they are by far my favorite part of the marvel universe  so well done on all accounts now i cannot wait for this movie,positive
wUn05hdkhjM,i like to imagine what kind of sick shit deadpool can get into mixing in with this crew,negative
wUn05hdkhjM,am i the only one who prefers big groot over baby groot,neutral
wUn05hdkhjM,trailer 2 for vol1 was so great in comparison and as the movie hope this one aint a missed bagsome screening reviews are already out a few were indeed concerning this is gamble material folks second time is tough but well see,positive
wUn05hdkhjM,i just been told by rocket the raccoon that he said this the filmguardians of the galaxy vol2 will have 5 bonus end credit scenes so be like a gum  stick around  uh tell everyone about this you heard ,neutral
wUn05hdkhjM,baby groot haha wonder what his super power would be,positive
wUn05hdkhjM,"please help me win this scholarship by voting for me i havent won any scholarships yet but hopefully this will be my first one i need this since it will truly benefit my education at uc davis 

thank you so much for your time reading this and spread the word 

httpwsheesxf4rrtgz",positive
wUn05hdkhjM,the dude is the dad,neutral
wUn05hdkhjM,batista is killing it man,neutral
wUn05hdkhjM,"who the hell are you
i am your uncle peter",neutral
wUn05hdkhjM,been waiting for this movie,neutral
wUn05hdkhjM,i wish they can maybe put teen titans in infinity war they know who thanoes is i think but in teen titans thanoes is known as dark side but i hope they put teen titans in infinity war maybe raven will see the future and she sees thanoes destroying the world i know thats kind of like avengers age of ultron when tony sees thanoes but maybe they can figure something out like if u agree,positive
wUn05hdkhjM,what is the song its awesome,positive
wUn05hdkhjM,only 1 million views what the neck i thought this was going to get like 30 million views,neutral
wUn05hdkhjM,126,neutral
wUn05hdkhjM,shut up and take my money ,neutral
wUn05hdkhjM,judging by the comments below im probably in the minority here when i say this but im not as gungho for gotg this time around i dont know this movie just feels too disneyfied to me i mean did they really have to make groot that small  that young it feels like theyre telling us they will be intentionally pandering to audiences this time around with an absurdly cute baby groot while im anxious to see what the next entry into the mcu will be as they methodically continue to set the table for infinity war ive cringed at the sight of dave bautista camping it up out there in all of these trailers as a former wwe wrestler hes a ham actor to begin with and it looks like hes trying too hard to be the comedy relief now i hope they disprove my suspicions but as of now im lowering my expectations a notch,negative
wUn05hdkhjM,soooo why is mantis important,positive
wUn05hdkhjM,you guys know how to make trailers,neutral
wUn05hdkhjM,omg this came out on my birthday,neutral
wUn05hdkhjM,there are marvel cinematic universe why not making marvel game universe d,negative
wUn05hdkhjM,luck i am your father,neutral
wUn05hdkhjM,fleetwood mac  the chain,neutral
wUn05hdkhjM,i am  your father,neutral
wUn05hdkhjM,its coming out cinco de mayo cant wait,neutral
wUn05hdkhjM,"star lordsometimes the things your looking for your entire life its right there by your side all along 
melooks beside him and sees no nintendo switch
me",positive
wUn05hdkhjM,all these things are building up to infinity war,neutral
wUn05hdkhjM,groot so cute,positive
wUn05hdkhjM,mantis 3,neutral
wUn05hdkhjM,faaaaaaaaaaak,neutral
wUn05hdkhjM,to the people of marvel when you gone introduce carnage to the big screen,neutral
wUn05hdkhjM,who is mantis,neutral
wUn05hdkhjM,im a hardcore batman fan but guardians of the galaxy is my favorite comic book movie  i am more excited for guardians of the galaxy vol 2 than anything  this shit is better than anything dc and im a batman fanboy lol ,positive
wUn05hdkhjM,sounds good,positive
wUn05hdkhjM,isnt that cody frost version of the chain,neutral
wUn05hdkhjM,peter i am groot,neutral
wUn05hdkhjM,"she just told everyone your deepest darkest secret
you must be so embarrassed
ahahaha do me do me do me",negative
wUn05hdkhjM,die spaceship,neutral
wUn05hdkhjM,"this is so perfectly coordinated with the music not to mention the a song choice this is amazing
i keep replaying this omg",positive
wUn05hdkhjM,man the music marvel is using for their recent trailers is fantastic,positive
wUn05hdkhjM,yes it shows star lords dad,neutral
wUn05hdkhjM,nebula joins the guardians,neutral
wUn05hdkhjM,this movie gonna be lit,neutral
wUn05hdkhjM,i am your peter dad,neutral
wUn05hdkhjM,we are not friends we are family okay who let the people from fast and furious help with this movie,positive
wUn05hdkhjM,how many disgusting hidden muslem codes are in the movie,negative
wUn05hdkhjM,favourate film cant wait,neutral
wUn05hdkhjM,cant wait for this movie marvel you have done a damn fine job this year,positive
wUn05hdkhjM,0030 nooo groot,neutral
wUn05hdkhjM,i just wanna know what is that song at 023 ,neutral
wUn05hdkhjM,seriously whoever edited this is cray talented,positive
wUn05hdkhjM,whats the name of this song playing,neutral
wUn05hdkhjM,i just noticed drax is bautista from wwe,neutral
wUn05hdkhjM,"cant get tickets for imax 3d or lets say i dont want to the imax i go to aint running fullscreen and imax quality marvel movies i went to watch civil war and dr strange but they disappointed with poor video quality and with only half the screen please dont sell your movies to imax hyderabad they dont maintain high resolution and quality 

only defaming your movies are imax hyderabad",negative
wUn05hdkhjM,"im doctor strange

deadpool  can u fix this ugly face",negative
wUn05hdkhjM,"anyone who thought replacing the tower of terror with this was a good idea
you made my little brother cry i hope youre real frickin happy",positive
wUn05hdkhjM,baby groot is the best character in this movie,positive
wUn05hdkhjM,name of the music that starts at 115 please someone reply,neutral
wUn05hdkhjM,please marvel put this song the chain during the movie please,neutral
wUn05hdkhjM,okay but the part with star lord and gamora killed me okay the way he looks at her i cant even rn guys im so excited for this movie ,positive
wUn05hdkhjM,funny that both this and doctor strange take place before civil war,positive
wUn05hdkhjM,"draz is literally half serious and half comedy material

which doesnt normally fit his character but hey its marvel doing their things again",negative
wUn05hdkhjM,in comic the star load and all characters are not joking,positive
wUn05hdkhjM,ohblaya bola bola bo,neutral
wUn05hdkhjM,song,neutral
wUn05hdkhjM,awesome ,positive
wUn05hdkhjM,159 wtf is he saying,negative
wUn05hdkhjM,superb trailer,positive
wUn05hdkhjM,what is this song called,neutral
wUn05hdkhjM,and here comes the daddy,neutral
wUn05hdkhjM,far out karen gillan is such an awful actress everything she says feels so forced shame they gave her such a cool character i noticed it in the first movie and hated her for it they should have just killed her off,negative
wUn05hdkhjM,amy pond really changed,positive
wUn05hdkhjM,guardians of anxiety,neutral
wUn05hdkhjM,another garbage incoming  from marvel,neutral
wUn05hdkhjM,im still pissed that they chose to name the dads character ego  if he is not a giant planet then it is not the same character at all just another character with the same first name,positive
wUn05hdkhjM,marvel my did you kill off wolverine,neutral
wUn05hdkhjM,she looks like yellow diamond,neutral
wUn05hdkhjM,oderei a musica,neutral
wUn05hdkhjM,pete i am your father  sounds familiar  also people in the uk will be expecting cars when they hear the chain  expect a petrolhead backlash  just sayin,positive
wUn05hdkhjM,meh,neutral
wUn05hdkhjM,lol stop releasing trailers everyone is already sold on this movie,positive
wUn05hdkhjM,omg they used fleetwood macs song the chain yeeesssssss,neutral
wUn05hdkhjM,adam warlock confirmed the avengers infinity war movies are going to be amazing,positive
wUn05hdkhjM,wait how is this trailer sexist again,neutral
wUn05hdkhjM,die spaceship,neutral
wUn05hdkhjM,ok debait time marvle vs dc  we no marvle has already won with 1000000000000000000000 to 000000000000000000001,positive
wUn05hdkhjM,what is the background song,neutral
wUn05hdkhjM,my body is so ready,positive
wUn05hdkhjM,i think 146 is the best part of the trailer,positive
wUn05hdkhjM,"and if you dont love me now
you will never love me again",positive
wUn05hdkhjM,"this movie is going to be legen  wait for it

dary ",neutral
wUn05hdkhjM,tony stark loki and groot are the reasons why the mcu has no stakes,negative
wUn05hdkhjM,song,neutral
wUn05hdkhjM,what is the song in this trailer,neutral
wUn05hdkhjM,this movie is gonna pwn kinda odd they made egothe living planet peters dad as apposed to json from the comics but at least they got a great actor in kurt russel to play him hopefully hell turn into his planeet form sometime in the movie,positive
wUn05hdkhjM,gilliaaaaan,neutral
wUn05hdkhjM,hey guys latest movies of 2017 are up watch it here  wholemovieonlinecom,positive
wUn05hdkhjM,i could watch this trailer all day cant wait to see it in theaters,neutral
wUn05hdkhjM,i seriously cannot wait for this to come out,negative
wUn05hdkhjM,die spaceship,neutral
wUn05hdkhjM,"meanwhile with dc 
dc i wanna be marvel i wanna i wanna i wanna i wanna i wanna i wanna i wanna i wanna",neutral
wUn05hdkhjM,"peters dad after all these years ive found you 
peter who the hell are you
peters dad im your dad peter
awkward moment",negative
wUn05hdkhjM,heymarvel why dont you make a movie about all ghost riders come together and the bad guys that has been in every ghost rider movie come back to life and then all the ghost riders and all the bad guys have a big war,negative
wUn05hdkhjM,show time aholes,neutral
wUn05hdkhjM,"ego  im your dad peter
peter  noooooo",neutral
wUn05hdkhjM,"buen trailer
me fascino",neutral
wUn05hdkhjM,oh hell yeah this is going to be awesome,positive
wUn05hdkhjM,robert knepper have to play mefisto in avengers infinity war,neutral
wUn05hdkhjM,022 music please,neutral
wUn05hdkhjM,cadê os brs aqui,neutral
wUn05hdkhjM,yes thanks for using the chain this is formula one,positive
wUn05hdkhjM,universal church of truth,neutral
wUn05hdkhjM,im really hoping taserface is a member of the stark like he is in the comics just because itll help tie this in to the rest of the mcu a bit more also seeing vance astro or wal rus at some point would be great,positive
wUn05hdkhjM,whats song ,neutral
wUn05hdkhjM,pretty sure its gonna be an awesome movie,positive
wUn05hdkhjM,kkmxtcfd,neutral
wUn05hdkhjM,baby groot i want one,neutral
wUn05hdkhjM,drax is right family does yell at each other all the time ,positive
wUn05hdkhjM,i cant wait for this movie,neutral
wUn05hdkhjM,starlords dad looks like my bus driver,neutral
wUn05hdkhjM,take off short films about the escape of the rocket,neutral
wUn05hdkhjM,marvel can you make a new video game called spider man and iron man vs the evilness of doom,negative
wUn05hdkhjM,yes  they didnt use stupid looking cgi for ego  well done,negative
wUn05hdkhjM,i guess they arent hooked on the feeling anymore am i right im sorry,negative
wUn05hdkhjM,rockets cgi looks really damn good,positive
wUn05hdkhjM,"hey everyone 
star lords dad looks like zeus to me",neutral
wUn05hdkhjM,so hyped for this movie just from the soundtrack live gotg mixtape vol 1,positive
wUn05hdkhjM,the one im more excited to see its nebula i hope they give us more of the crazy sisterlike relationship between her and gamorra,positive
wUn05hdkhjM,the family not friends thing really has a fast and furious vibe in my opinion,positive
wUn05hdkhjM,just when you thought amy pond couldnt get any more scifior anymore fit,positive
wUn05hdkhjM,033 when dc admits defeat,neutral
wUn05hdkhjM,i like baby groot waving,neutral
wUn05hdkhjM,marvel ,neutral
wUn05hdkhjM,i really wanna know which variant of the chain this is the violins at high tempo paired with the song really works,positive
wUn05hdkhjM,jokes and more jokes absolutely nothing at stake why should i even see it,positive
wUn05hdkhjM,why is marvel calling this trailer 3 last time i check they had released a teaser trailer so where is trailer 1  2,neutral
wUn05hdkhjM,i love even more now with fleetwood mac 3,positive
wUn05hdkhjM,"hey guys

did you see that clip from avengers  infinity war shooting it showed chris prattstarlord  robert downey jriron man and tom hollandspiderman so i guess guardians of the galaxy 2s post credit scene shows iron man and spidermanas a clip from avengersinfinity war
",neutral
wUn05hdkhjM,fleetwood mac ftw,neutral
wUn05hdkhjM,groot looks so sad in this trailer,negative
wUn05hdkhjM,i think kids have go to see this movie  2 years old,positive
wUn05hdkhjM,i think i saw his dad before ,neutral
wUn05hdkhjM,"after all these years ive found you
but who the heck are you
im your dad peter
 ego and peter quill",neutral
wUn05hdkhjM,i just want guardians versus avengers just for one get to know you fight scene they can be friends afterwards that is all i want,neutral
wUn05hdkhjM,just release the movie now i cant wait anymore ,neutral
wUn05hdkhjM,whats the song groot starts,neutral
wUn05hdkhjM,yee,neutral
wUn05hdkhjM,the song is perfect,positive
wUn05hdkhjM,i hate how people think kurt russell playing peters dad is a spoiler when they announced it over half a year ago lol,negative
wUn05hdkhjM,you know they told me you were conceited douchebags but that isnt true at _all_,positive
wUn05hdkhjM,207 ego hes returning,neutral
wUn05hdkhjM,whats the song,neutral
wUn05hdkhjM,groot looks like sackboy from little big planet,negative
wUn05hdkhjM,what is the song,neutral
wUn05hdkhjM,125 when youre in deep shit but your friend still wants to hang out,neutral
wUn05hdkhjM, die  spaceship   d,neutral
wUn05hdkhjM,awesome the only enjoyable movie series from marvel studios imo,positive
wUn05hdkhjM,best visual effects ever,positive
wUn05hdkhjM,the chain tho,neutral
wUn05hdkhjM,my gosh marvel you pulled of a batman v superman at the end,neutral
wUn05hdkhjM,so technically peters mother was fked by a planet,neutral
wUn05hdkhjM,the hype is real,positive
wUn05hdkhjM,128 starlord straight dumping on someone sick af,negative
wUn05hdkhjM,so are the golden guys supposed to be the church of universal truth,positive
wUn05hdkhjM,why cant dc make a green lantern corp movie this good,positive
wUn05hdkhjM,im kinda hoping we get some kind of thing easter egg now,positive
wUn05hdkhjM,what did nebula yell out when she was in the milano it sounded an awful lot like phineas,negative
wUn05hdkhjM,im was expecting it to be a thanos ish movie turns out im wrong,negative
wUn05hdkhjM,im was expecting it to be a thanos ish movie turns out im wrong,negative
wUn05hdkhjM,kurt russell is ego i will be very disappointed if we dont see him as a planet in the movie very disappointed,negative
wUn05hdkhjM,fleetwood mac,neutral
wUn05hdkhjM,song,neutral
wUn05hdkhjM,"suicide squad suck
guardians of the galaxy rules",neutral
wUn05hdkhjM,whats the name of the song,neutral
wUn05hdkhjM,this advertisement is fracking awesome,positive
wUn05hdkhjM,ok first there was this song and this version is awesome,positive
wUn05hdkhjM,"nononononononooooooooooooooooooooooooooooooooooooooooooooooooooooo
why did marvel have to include im your dad peter they should have left off of who the hell are you then show him so people actually watch the movie marvel dont get me wrong i love you guys you are my life but maybe take some classes on trailer making and i swear if one of those trailer analysis channels put that star lords dad was on the trailer sort of thing on their top 8 things missed in the new guardians of the galaxy trailer im going to lose it",positive
wUn05hdkhjM,a group of misfits who have saved the galaxy and have become the most popular in the marvel cinematic universe thanks to james gunn and this awsome cast ,positive
wUn05hdkhjM,yondu has finally got his mohawk back great trailer as well love fleetwood mac,positive
wUn05hdkhjM,very very cant wait hhh,positive
wUn05hdkhjM,so damn excited for this,positive
wUn05hdkhjM,im your dad dear,neutral
wUn05hdkhjM,are you sure about that,positive
wUn05hdkhjM,who plays starlords dad,neutral
wUn05hdkhjM,i only have this to say  shut up and take my money,neutral
wUn05hdkhjM,i love baby groot d,positive
wUn05hdkhjM,i wish gamora was my partner,neutral
wUn05hdkhjM,logan was awesome,positive
wUn05hdkhjM,whats the name of the soundtrack im loving it,positive
wUn05hdkhjM,what is the name of this song,neutral
wUn05hdkhjM,wow,positive
wUn05hdkhjM,love the song and the whole soundtrack very soon super excited,positive
wUn05hdkhjM,this is gamora shes got my back id advise not getting killed by her her sword traps the souls of its victims,negative
wUn05hdkhjM,0,neutral
wUn05hdkhjM,looks awesome,positive
wUn05hdkhjM,ego had better turn out to be a bearded planet,positive
wUn05hdkhjM,i loved playing that old school electronic football game as a kid,positive
wUn05hdkhjM,"at 158  you realise that nebula is actually thrice as tall as rocket
skadoosh",neutral
wUn05hdkhjM,62 dc fans  dislike and cry somewhere,neutral
wUn05hdkhjM,baby grooooottttt,neutral
wUn05hdkhjM,so damn late,negative
wUn05hdkhjM,watch it for baby groot,neutral
wUn05hdkhjM,we want wolverine in the avengers,neutral
wUn05hdkhjM,i can totally picture yondu killing an entire army while doing the kill bill whistle,neutral
wUn05hdkhjM,when the music started you started dancing no dont lie you did,neutral
wUn05hdkhjM,"soy el comentario  en español que buscabas v

que tengas buen dia tardes noches d",neutral
wUn05hdkhjM,this movie will be promising and fun in every sense of the word d,positive
wUn05hdkhjM,he should have said peter i am your father,neutral
wUn05hdkhjM,superb,positive
wUn05hdkhjM,remember flash gordon,neutral
wUn05hdkhjM,3 guardians trailers but not one thor trailer,neutral
wUn05hdkhjM,whats the name of this music,neutral
wUn05hdkhjM,peter i am your father,neutral
wUn05hdkhjM,looks amazing,positive
wUn05hdkhjM,dude flynns dad is kurt russell,neutral
wUn05hdkhjM,129 same reaction of mine after watching this trailer,neutral
wUn05hdkhjM,"watch out
leaked spoiler at 208

what i tried to warn you",neutral
wUn05hdkhjM,so the villains are basically the nazis,neutral
wUn05hdkhjM,"show time
aholes",neutral
wUn05hdkhjM,did anyone realize the machine star lord is using to track the monster in the beginning is a retro portable football game remember from back then,negative
wUn05hdkhjM,epic and gorgeus xd,positive
wUn05hdkhjM,evil laugh at 018 magus,negative
wUn05hdkhjM,this is gunna be amazing,positive
wUn05hdkhjM,"aohfamily family familyreally
bokok then family",neutral
wUn05hdkhjM,vai ser mt loko,neutral
wUn05hdkhjM,d,neutral
wUn05hdkhjM,awesome now where do i spend all my money on merchandise,positive
wUn05hdkhjM,new hero girl httpswwwinstagramcompbrgvn8mgksv,positive
wUn05hdkhjM,thumbnail guardians of the galaxy vo,neutral
wUn05hdkhjM,who is on the hype train right freakin now,positive
wUn05hdkhjM,what is the song,neutral
wUn05hdkhjM,está genial la  peli,neutral
wUn05hdkhjM,better then the first ones but to much spoilers,positive
wUn05hdkhjM,whats this music,neutral
wUn05hdkhjM,where do i preorder tickets,neutral
wUn05hdkhjM,"i love how groot is just like hi gamora hi hi hi
and shes like hi but shes thinking im a bit busy right now",positive
wUn05hdkhjM,and then theres me whos parents wont just up and let me watch the first one sigh,positive
wUn05hdkhjM,i thought i see the meteor struck on mantis again,neutral
wUn05hdkhjM,kurt put a bit of john wayne in his voice again im your dad pilgrim,neutral
wUn05hdkhjM,am i the only one who thought about the am your space dadfrom megamind xd,neutral
wUn05hdkhjM,nathan drake that 2bit sone of a thief,neutral
wUn05hdkhjM, whats the name of this song,neutral
wUn05hdkhjM,soundtrack is going platinum again for sure classic fleetwood mac ,positive
wUn05hdkhjM,die spaceship,neutral
wUn05hdkhjM,logan is the best,positive
wUn05hdkhjM,yesssssssssss baby groot is adorable ,positive
wUn05hdkhjM,"216 alternate scene
star lordnoooothats not trueethats impossiblee
egosearch your feelings you know it to be true
star lordnooooooooo",positive
wUn05hdkhjM,which music did you use in this trailer,neutral
wUn05hdkhjM,kick ass trailer guardians   back better than ever,positive
wUn05hdkhjM,what was it that drax says right after saying family,positive
wUn05hdkhjM,yes were saving the galaxy again,neutral
wUn05hdkhjM,movie of the year 3,neutral
wUn05hdkhjM,that moment when your late,negative
wUn05hdkhjM,thank you and god bless,neutral
wUn05hdkhjM,"you are not friends

no we are family

that makes me cry",neutral
wUn05hdkhjM,which song it is from 048,neutral
wUn05hdkhjM,okay marvel that last bit didnt need to be there it would have been so much better to find out starlord has a dad while watching the movie you just gave a big spoiler to viewers with less knowledge of the comics it would pay off more to see it on the bigscreen but no you went ahead and pulled a terminator genesis and look at that ended,positive
wUn05hdkhjM,050 is groot eating mms,neutral
wUn05hdkhjM,supposedly an official video but no closed captions just the autogenerated rubbish come on why do you hate deaf people so much,negative
wUn05hdkhjM,is this gonna be good,positive
wUn05hdkhjM,welcome to freaking guardian of the galaxy,positive
wUn05hdkhjM,woow,neutral
wUn05hdkhjM,i love marval heros,positive
wUn05hdkhjM,basically a farscape movie,neutral
wUn05hdkhjM,die spaceship lol,positive
wUn05hdkhjM,dc suicide squad should be really jealous wait they won an oscar never mine,positive
wUn05hdkhjM,"and who the hell are you
im your father luke i mean im your dad peter",negative
wUn05hdkhjM,awesome,positive
wUn05hdkhjM,name song please,neutral
wUn05hdkhjM,cant wait for the movie,neutral
wUn05hdkhjM,i think it would have been better if the trailer cut off after peter says who the hell are you,positive
wUn05hdkhjM,guys guys spoilers,neutral
wUn05hdkhjM,marvel is life,neutral
wUn05hdkhjM,groot put your seatbelt on,neutral
wUn05hdkhjM,"it also looks like their babysitting groot so
guardians of the baby groot",neutral
wUn05hdkhjM,still no nova oh well,neutral
wUn05hdkhjM,idk why but image of groot eating candy in a massive seat is just so adorable,positive
wUn05hdkhjM,i hope mr spoiler gets kylo rend,neutral
wUn05hdkhjM,the people who dislike this are idiots,negative
wUn05hdkhjM,stuff just got real,positive
wUn05hdkhjM,030 baby groot scared,neutral
wUn05hdkhjM,i cant wait for see that,neutral
wUn05hdkhjM,"i thought he was gonna say
im your dad bitch",neutral
wUn05hdkhjM,is that a rifle,neutral
wUn05hdkhjM,i love how we know that kurt russel is peters dad before marvel released the trailer,positive
wUn05hdkhjM,damn this trailer shows too much better of the plot,positive
wUn05hdkhjM,egor the living planet yay i guess hes not really a planet in the movies xd,negative
wUn05hdkhjM,ohh he shouldve said i am your father and not dad,neutral
wUn05hdkhjM,youre late for this trailer mavel but i still love it thanks ,positive
wUn05hdkhjM,when you made the movie and the story line but youre the last one to upload the trailer,neutral
wUn05hdkhjM,"peter sometimes what you are looking for is on your right
drax your right
dies of laughter",positive
wUn05hdkhjM,so pumped up for this movie i really want to see more of baby groot also um marvel youre kinda late to show this trailer,positive
wUn05hdkhjM,"the trailer music is 

fleetwood mac  the chain unkle sounds edit 

welcome ",positive
wUn05hdkhjM,yes,neutral
wUn05hdkhjM,"how to watch marvel movies for free

sleep or hibernate in the theater for a long time and wake up when a marvel movie finally arrives",positive
wUn05hdkhjM,125 best part of the trailer,positive
wUn05hdkhjM,looks amazing,positive
wUn05hdkhjM,uh oh peters dad  shit just got real son,neutral
wUn05hdkhjM,cgi on everything but rocket looks pretty shitty,positive
wUn05hdkhjM,im your father peter,neutral
wUn05hdkhjM,look out spoiler,neutral
wUn05hdkhjM,this is gonna be lit,neutral
wUn05hdkhjM,how come you guys took so long to post this on your own channel great looking trailer btw ,positive
wUn05hdkhjM,i am your father,neutral
wUn05hdkhjM,huh just realizing this the last movie didnt exactly show gamora using a sword kinda hard believing now that using swords is gamoras thing but yeah guns are peters things too,negative
wUn05hdkhjM,does anybody know what score is this its  crazyyy,neutral
wUn05hdkhjM,im am dad peter,neutral
wUn05hdkhjM,124 baby groot and gamora,neutral
wUn05hdkhjM,but can it win best makeup,positive
wUn05hdkhjM,the only marvel movie that gets me excited,positive
wUn05hdkhjM,"dc is shit
marvel is best
i love this universe
heart is beating in my chest d",positive
wUn05hdkhjM,i used to own that very video game at the 2 second mark i laughed my head off when i seen it and what he seemed to be using it for lol good ole mattel football,positive
wUn05hdkhjM,im your dad peter dropped my phone,neutral
wUn05hdkhjM,song pls,neutral
wUn05hdkhjM,awsome,neutral
wUn05hdkhjM,just upload the whole movie,positive
wUn05hdkhjM,the deep dark pits of my black heart warm at the sight of baby groot,positive
wUn05hdkhjM,for the cinematic universe fans only maybe the dont know who the heck peter dad is but for the real fans they know who he is,positive
wUn05hdkhjM,am i the only one who really didnt want to see the im ur dad reveal in a trailer,positive
wUn05hdkhjM,star lord rocks everybody shocks,neutral
wUn05hdkhjM,that laugh of drax when he jumps inside the beast _,positive
wUn05hdkhjM,after this avengers infinity wars part 1 cant wait ,neutral
wUn05hdkhjM,dormammu ive come to bargain,neutral
wUn05hdkhjM,waiting too tamil dubbing,neutral
wUn05hdkhjM,"peter who the hell are you
egokurt russel im your dadpeter
 rip ego we hardly knew ye",negative
wUn05hdkhjM,peter is brother of superman,neutral
wUn05hdkhjM,the text on this trailer is purple in color and bleeding same as the color of thanos does he bleed in purple what does this mean,negative
wUn05hdkhjM,music anyone,neutral
wUn05hdkhjM,152 plasma rifle,neutral
wUn05hdkhjM,groot put your seatbelt on,neutral
wUn05hdkhjM,"hey look its a wild baby groot

throw your pokeball to catch it",positive
wUn05hdkhjM,"ive never clicked on a video so fast

oh wait a second i have as i am sure many other people did aswell on trailers for other movies",positive
wUn05hdkhjM,"slurp

slurp
slurp

dude
what
slurp
slurp
dude
what",neutral
wUn05hdkhjM,anyone need salt for their popcorn ive got a bunch due too last sundays oscar ceremony,negative
wUn05hdkhjM,who are we we are the suicide sguardian of the galaxy,neutral
wUn05hdkhjM,awesome,positive
wUn05hdkhjM,star lord and rocket flying together  nice,positive
wUn05hdkhjM,i was thinking about sharing this but wowspoilers,neutral
wUn05hdkhjM,whats the name of the song used,neutral
wUn05hdkhjM,just take my money,neutral
wUn05hdkhjM,i dont care who you are everyone needs a baby groot eating candy in their life,neutral
wUn05hdkhjM,awesome,positive
wUn05hdkhjM,when you see the avengers moment in here,neutral
wUn05hdkhjM,do i even need to watch the movie now ,neutral
wUn05hdkhjM,oh my god,neutral
wUn05hdkhjM,pretty awesome,positive
wUn05hdkhjM,which song is in background,neutral
wUn05hdkhjM,"peter

i am your father








noooooooooo",neutral
wUn05hdkhjM,cant wait to see yondu join,neutral
wUn05hdkhjM,i love how amped up yondus mohawk is,positive
wUn05hdkhjM,im your dad peter new version of im your father,positive
wUn05hdkhjM,this wont be as good as the oscar winner suicide squad the only thing dc has to say that they are good,positive
wUn05hdkhjM,what is the song playing,neutral
wUn05hdkhjM,i actually got excited and thought it was another guardians trailer,positive
wUn05hdkhjM,groot cuddly,neutral
wUn05hdkhjM,alguém br ,neutral
wUn05hdkhjM,omg,neutral
wUn05hdkhjM,can marvel make a movieor can marvel make a movie,neutral
wUn05hdkhjM,what the song call,neutral
wUn05hdkhjM,guardians of the galaxy better than whole of dc thetruth,positive
wUn05hdkhjM,keeeeeeeeeeeeeeeeeeeeeeen,neutral
wUn05hdkhjM,"egoim your dad peter
starlordnooooo",neutral
wUn05hdkhjM,i love how marvel uploaded this after everyone else lol,positive
wUn05hdkhjM,last time i was this early la la land was still best picture,positive
wUn05hdkhjM,wow is amazing,positive
wUn05hdkhjM,vita realising on my birthday,neutral
wUn05hdkhjM,am i the only one who really likes nebula now,positive
wUn05hdkhjM,i searched for this and clicked it but it was an advertisement instead of the actual video like wtf,negative
wUn05hdkhjM,anyone know what the song playing in the background is and why did marvel release this late,negative
wUn05hdkhjM,should the father not be planet sized,neutral
wUn05hdkhjM,044 well its 50 true dont laugh a fake laugh because its better than 49,positive
wUn05hdkhjM,really late,negative
wUn05hdkhjM,i just cant unhear emmet,neutral
wUn05hdkhjM,die spaceship  never thought those two words can be put together,neutral
wUn05hdkhjM,you did it again marvel you and your unnecessary jokes,negative
wUn05hdkhjM,"whoever cut the trailer deserves an award 

theres no over telling of the entire plot 
just snippets of scenes action and a badass song that goes with the visuals 

hype trailer at its best",positive
wUn05hdkhjM,this trailer is sooo freaking awesome but can someone tell me the song which is used here,positive
wUn05hdkhjM,kurt russell and chris pratt actually do kinda look alike i wouldnt be surprised if kurt was chris estranged father,positive
wUn05hdkhjM,pretty dope tbh,positive
wUn05hdkhjM,jimmy kimmel was the first one to release this marvel why didnt you release this in your own channel the trailer needs many views to be spread around the world and i hope that this trailer will not be the final one before it hits theaters may 05,positive
wUn05hdkhjM,whos your daddy pete d,neutral
wUn05hdkhjM,here we need a drax solo moviemarvel,neutral
wUn05hdkhjM,มาชากวาชองอนจง,neutral
wUn05hdkhjM,i am your father,neutral
wUn05hdkhjM,127 when gamora shoots the gun she kind of glitches backward then forward slightly surely someone else noticed that too,positive
wUn05hdkhjM,156 we all know what happens next,neutral
wUn05hdkhjM,130 one word badass,neutral
wUn05hdkhjM,which is the music,neutral
wUn05hdkhjM,more guardians added this is going to be an amazing,positive
wUn05hdkhjM,yellow diamond is that you ,neutral
wUn05hdkhjM,hands up if you cannot wait for this ,neutral
wUn05hdkhjM,im your tribute to legendary space movies peter d,positive
wUn05hdkhjM,since mantis isnt green is this considered whitewashing,negative
wUn05hdkhjM,ha ha ha like if you agree,neutral
wUn05hdkhjM,die spaceship,neutral
wUn05hdkhjM,what,neutral
wUn05hdkhjM,marvel uploading with internet explorer haha,positive
wUn05hdkhjM,why do i get the feeling drax and nebula are gonna have a lovehate relationship which is cool cause i would totally ship them xd,positive
wUn05hdkhjM,annnnnnnnnd another superhero type moiveyay,neutral
wUn05hdkhjM,and im hooked on a feeling that this movie will be awesome,positive
wUn05hdkhjM,"star lord
whos your daddy",neutral
wUn05hdkhjM,marvel uploaded this really late,negative
wUn05hdkhjM,the guys who made this posted this last wow,positive
wUn05hdkhjM,great song choice i love fleetwood mac,positive
wUn05hdkhjM,omg epic i want to see it now,positive
wUn05hdkhjM,we making alll kinds of gains,neutral
wUn05hdkhjM,what song do they use in this trailer,neutral
wUn05hdkhjM,yes this is gonna be awesome,positive
wUn05hdkhjM,what a surprise,neutral
wUn05hdkhjM,thanks for not putting that stupid teaser before the trailer,negative
wUn05hdkhjM,i am extremely happy theyre bringing back nebula excellent character  she just oozes attitude i love it,positive
wUn05hdkhjM,that ending tho,neutral
wUn05hdkhjM,yall sure waited till the last minute,positive
wUn05hdkhjM,eh,neutral
wUn05hdkhjM,020 feel good inc,positive
wUn05hdkhjM,marvel eu te amo me da uma beijo sua linda,neutral
wUn05hdkhjM,best visuals i ever seen,positive
wUn05hdkhjM,intense,positive
wUn05hdkhjM,i think i like little groot more then big groot,positive
wUn05hdkhjM,which song is played in the background,neutral
wUn05hdkhjM,hype,neutral
wUn05hdkhjM,"me you are late 
marvel i was busy",negative
wUn05hdkhjM,i love how marvel is the last to upload haha,positive
wUn05hdkhjM,2 months to go,neutral
wUn05hdkhjM,when disney xds been there done that,neutral
wUn05hdkhjM,take my money already,neutral
wUn05hdkhjM,whats the song in the trailer,neutral
wUn05hdkhjM,"dad im ur dad peter 
peter noooooo 
",neutral
wUn05hdkhjM,how tall is nebula,neutral
wUn05hdkhjM,im your dad peter omg that ending of the trailer this is gonna be so intresting,neutral
wUn05hdkhjM,oh god when drax said the whole thing about family i was really expecting guardians and fast and furious to start crossing over  i mean with ff8 coming toretto is basically a marvel superhero so why not,positive
wUn05hdkhjM,ahhhhh,neutral
wUn05hdkhjM,13648,neutral
wUn05hdkhjM,i am definitely excited for this,positive
wUn05hdkhjM,"thumbnail
guardians of the galaxy vo",neutral
wUn05hdkhjM,are you planning to release the whole movie in trailers,positive
wUn05hdkhjM,damn grow up already groot ,neutral
wUn05hdkhjM,so thats it huh marvel youre some kind of late squad,positive
wUn05hdkhjM,so late,negative
wUn05hdkhjM,spoiler alert,neutral
wUn05hdkhjM,marvelwow just wow,positive
wUn05hdkhjM,i still cant get over how cute baby groot is ,positive
wUn05hdkhjM,im in great trailer really capturing the comic vibe here people,positive
wUn05hdkhjM,"who the hell are you
the hangman",neutral
wUn05hdkhjM,like por el padre de star lord,neutral
wUn05hdkhjM,"die spaceship

and see that at 036 those aliens took their cue from the nova corps",neutral
wUn05hdkhjM,already saw this on jimmy kimmel,neutral
wUn05hdkhjM,"fleetwood mac  the chain 
the song",neutral
wUn05hdkhjM,ego looks pretty death proof for a man his age,positive
wUn05hdkhjM,song 115  plz,neutral
wUn05hdkhjM,gamora to groot hi,neutral
wUn05hdkhjM,this is great,positive
wUn05hdkhjM,this looks delicious,positive
wUn05hdkhjM,im so excited to see baby groot kick some ass,positive
wUn05hdkhjM,im really excited for this movie and all but this comment will probably get 0 likes,positive
wUn05hdkhjM,pero que buen tráiler papuh,neutral
wUn05hdkhjM,were family line has to be banned now,neutral
wUn05hdkhjM,love the part 152 the blaster and the music blending together,positive
wUn05hdkhjM,what did drax say at the end,neutral
wUn05hdkhjM,drax is hilarious and you will quote everything he says,positive
wUn05hdkhjM,starwarssorry,neutral
wUn05hdkhjM,omg,neutral
wUn05hdkhjM,dad,neutral
wUn05hdkhjM,views going up by the hundreds every second,neutral
wUn05hdkhjM,o pimba domina aqui pourra,neutral
wUn05hdkhjM,the chain remix totally makes this trailer,neutral
wUn05hdkhjM,been here before 10k views,neutral
wUn05hdkhjM,kimmel premiered this yesterday,neutral
wUn05hdkhjM,wow cool,positive
wUn05hdkhjM,i dont know where ive heard this line before i am your father meh probably some z rated movie,neutral
wUn05hdkhjM,last,neutral
wUn05hdkhjM,pidr,neutral
wUn05hdkhjM,ah the jizz it wont stop spewing im too excited,positive
wUn05hdkhjM,the chain by fleetwood mac love love love,positive
wUn05hdkhjM,this movie looks like so much fun,positive
wUn05hdkhjM,i already watched on movie trailer clips,neutral
wUn05hdkhjM,when otros canales suben el trailer antes q tu,neutral
wUn05hdkhjM,drax is hilarious and we should quote everything he says,positive
wUn05hdkhjM,trailer gera furdunducio,neutral
wUn05hdkhjM,"so thats it huh 




were some kind of guardians of the galaxy",positive
wUn05hdkhjM,woah no way hes his dad didnt see that coming dang,neutral
wUn05hdkhjM,really early,positive
wUn05hdkhjM,already watched this as many times as possible since it was posted,positive
wUn05hdkhjM,the hype is so real,positive
wUn05hdkhjM,but why it cant be liked twice and how i go around it,positive
wUn05hdkhjM,notification sqaaaaaaaaaad where you at,neutral
wUn05hdkhjM,"unbelievably excited for this film the heart humour and stunning visuals are still there

excelsior to you marvel",positive
wUn05hdkhjM,who has seen the aquaman footage uploaded by snyder,neutral
wUn05hdkhjM,"peter i am your father
noooooooo",neutral
wUn05hdkhjM,"never been this early 
im sooooo excited ",positive
wUn05hdkhjM,so thats it huhwe some kinda guardians of the galaxy,neutral
wUn05hdkhjM,last time i was this early,positive
wUn05hdkhjM,marvel uploads their trailers a day after everyone else ,neutral
wUn05hdkhjM,am i the only one who saw this yesterday,neutral
wUn05hdkhjM,why baby groot seems so depressed or sad,negative
wUn05hdkhjM,"not first





still pretty early though",positive
wUn05hdkhjM,last time i was this early baby groot was just groot,positive
wUn05hdkhjM,wooow,neutral
wUn05hdkhjM,like the final like like,neutral
wUn05hdkhjM,"finally we get to see starlords dad and i cant wait to see rocket and baby groot 3 3 3

also im the only one here who actually wants gamora to be with drax instead theyd be an awesome couple",positive
wUn05hdkhjM,but i guess were both doing guns now i just didnt know that best line from the trailer,positive
wUn05hdkhjM,150 views,neutral
wUn05hdkhjM,ye boiii,neutral
wUn05hdkhjM,german,neutral
wUn05hdkhjM,this comment gonna be gone soon,neutral
wUn05hdkhjM,y los subtitulos ctm,neutral
wUn05hdkhjM,man draxs laugh at 020 made my day,positive
wUn05hdkhjM,kind of late marvel,positive
wUn05hdkhjM,thank you for introducing me to fleetwood mac the chain is an amazing song,positive
wUn05hdkhjM,first 42 viewer,positive
wUn05hdkhjM,tfw you c a trailer 2 minutes after its upload and know it will get millions if views o9,neutral
wUn05hdkhjM,26 views 219 likes is there a hacker or is it a glitch,neutral
wUn05hdkhjM,yaassss this is gonna be good,positive
wUn05hdkhjM,this comes out 4 days after my birthday best birthday present ever,positive
wUn05hdkhjM,wooooowwwwwwww,neutral
wUn05hdkhjM,wow great movie i love this,positive
wUn05hdkhjM,we get to see star lords dad,neutral
wUn05hdkhjM,ohh my god,neutral
wUn05hdkhjM,early,positive
wUn05hdkhjM,love chris ,positive
wUn05hdkhjM,absolutely gorgeous visuals,positive
wUn05hdkhjM,i like the coloring of the trailer marvel made a good choice in picking the red weapons 8k as their camera ,positive
wUn05hdkhjM,no puedo esperar a ver que traerá de nuevo esta pelicula será increíble d,neutral
wUn05hdkhjM,hope youre ready,positive
wUn05hdkhjM,so thats it huh were some kind of guardians of the galaxy,positive
wUn05hdkhjM,fleetwood mac  the chain,neutral
wUn05hdkhjM,pimbaaa,neutral
wUn05hdkhjM,esperó que se a una buena película,neutral
wUn05hdkhjM,this is going to be lit,neutral
wUn05hdkhjM,primeiro br,neutral
wUn05hdkhjM,cant wait,neutral
wUn05hdkhjM,im 9th here still neva mind marvel cos youre late dude,negative
wUn05hdkhjM,yes,neutral
wUn05hdkhjM,woow,neutral
wUn05hdkhjM,algum brasileiro aqui,neutral
wUn05hdkhjM,is that not real pase,negative
wUn05hdkhjM,rip was first a couple seconds ago,positive
wUn05hdkhjM,can someone tell me what silvestre stallone doin here,neutral
wUn05hdkhjM,i have been waiting for this baby groot is so cuteee,neutral
wUn05hdkhjM,so close to first,positive
wUn05hdkhjM,só agora que vocês postam kkjkkkkkkkk,neutral
wUn05hdkhjM,this is the earliest ive ever been on anything i am groot,neutral
wUn05hdkhjM,is very much cool,positive
wUn05hdkhjM,17th,neutral
wUn05hdkhjM,here before its viral,neutral
wUn05hdkhjM,9 views 66 likes 0 dislikes,neutral
wUn05hdkhjM,lit,neutral
wUn05hdkhjM,3コメ,neutral
wUn05hdkhjM,so that it what we some kind of guardians of the galaxy,positive
wUn05hdkhjM,primeiro br porra,neutral
wUn05hdkhjM,nut,neutral
wUn05hdkhjM,awesome ,positive
wUn05hdkhjM,first wait,positive
wUn05hdkhjM,8 views 55 likes ,neutral
wUn05hdkhjM,y u guys late ur marvel,negative
wUn05hdkhjM,9th,neutral
wUn05hdkhjM,under 10 club nice,positive
wUn05hdkhjM,third,neutral
wUn05hdkhjM,youre kind of late marvel,positive
wUn05hdkhjM,babayega,neutral
wUn05hdkhjM,omg,neutral
wUn05hdkhjM,notification squad,neutral
wUn05hdkhjM,woowww,neutral
wUn05hdkhjM,second,neutral
wUn05hdkhjM,2nd,neutral
wUn05hdkhjM,awesome,positive
wUn05hdkhjM,yall jokers must be crazy,negative
wUn05hdkhjM,ooooo,neutral
,,neutral
,,neutral
,,neutral
,,neutral
,,neutral
,,neutral
,,neutral
,,neutral
,,neutral
,,neutral
,,neutral
,,neutral
,,neutral
,,neutral
,,neutral
,,neutral
,,neutral
,,neutral
,,neutral
,,neutral
,,neutral
,,neutral
,,neutral
