videoId,publishedAt,channelId,title,channelTitle,defaultAudioLanguage,viewCount,likeCount,commentCount,RTS: Critics (%),RTS: Audience (%),Ratio
wUn05hdkhjM,2017-03-02T06:28:14Z,UCvC4D8onUfXzvjTOM-dBfEA,Guardians of the Galaxy Vol. 2 - Trailer 3 (Official),Marvel Entertainment,en,4966446,46579,1774,85.0,87.0,2799.574971815107
cIvOHGIzCd0,2019-06-12T21:00:26Z,UCiifkYAs_bq1pt_zbNAzYGg,Pennyworth – Official Trailer,DC,en,1096372,26144,2297,66.0,91.0,477.30605137135393
WHXq62VCaCM,2021-12-03T14:00:31Z,UCx-KWLTKlB83hDI6UKECtJQ,Peacemaker | Official Trailer | Max,Max,en,15721613,42250,2381,94.0,89.0,6602.945401091978
SJPJPUpNvDw,2021-02-07T17:00:18Z,UCiifkYAs_bq1pt_zbNAzYGg,Superman & Lois | Official Trailer,DC,en,1554729,28311,2405,,81.0,646.4569646569646
2LIQ2-PZBC8,2014-05-20T17:38:59Z,UCvC4D8onUfXzvjTOM-dBfEA,Marvel's Guardians of the Galaxy - Trailer 2 (OFFICIAL),Marvel Entertainment,,10876750,39270,3103,92.0,92.0,3505.2368675475345
Fd09zvjdktE,2021-06-17T16:00:54Z,UCx-KWLTKlB83hDI6UKECtJQ,Titans Season 3 | Official Teaser | HBO Max,Max,en,13957992,41342,3343,89.0,69.0,4175.289261142686
zAPifwlWBP0,2023-04-12T17:26:25Z,UCx-KWLTKlB83hDI6UKECtJQ,The Penguin | In-Production Teaser | Max,Max,en,2631810,79671,3846,,,684.2979719188768
AIc671o9yCI,2023-01-26T17:01:32Z,UCjmJDM5pRKbUlVIzDYYWb6g,SHAZAM! FURY OF THE GODS - Official Trailer 2,Warner Bros. Pictures,en-US,28439443,78804,6598,49.0,86.0,4310.312670506214
6tTM9nbRk5A,2019-02-14T17:00:00Z,UCiifkYAs_bq1pt_zbNAzYGg,Doom Patrol | Extended Trailer | DC Universe | The Ultimate Membership,DC,en,14943587,99731,8145,98.0,76.0,1834.6945365254758
zymgtV99Rko,2019-05-08T17:00:13Z,UCVTQuK2CaWaTgSsoNkn5AiQ,Watchmen | Official Tease | HBO,HBO,en,7123368,101177,8286,96.0,56.0,859.6871832005793
eg5ciqQzmK0,2021-06-22T19:04:02Z,UCjmJDM5pRKbUlVIzDYYWb6g,THE SUICIDE SQUAD – Official “Rain” Trailer,Warner Bros. Pictures,en-US,15800184,134743,9055,90.0,82.0,1744.9126449475427
xVnHZ5SF1Jg,2019-05-28T15:58:47Z,UCiifkYAs_bq1pt_zbNAzYGg,Swamp Thing | Full Trailer | DC Universe | The Ultimate Membership,DC,en,9311128,120737,10012,92.0,74.0,929.9968038353975
pWdKf3MneyI,2015-04-13T12:56:49Z,UCvC4D8onUfXzvjTOM-dBfEA,Marvel's Ant-Man - Trailer 1,Marvel Entertainment,en,26743553,132306,10311,83.0,85.0,2593.6914945204153
7SlILk2WMTI,2014-02-02T23:12:00Z,UCvC4D8onUfXzvjTOM-dBfEA,Marvel's Captain America: The Winter Soldier - Trailer 2 (OFFICIAL),Marvel Entertainment,,33198661,138387,11213,90.0,92.0,2960.7295995719255
r51cYVZWKdY,2023-04-25T19:00:18Z,UCiifkYAs_bq1pt_zbNAzYGg,The Flash - Official Trailer 2,DC,en-US,31160413,263835,20884,69.0,95.0,1492.0711070676116
DiTECkLZ8HM,2017-03-28T13:00:01Z,UCz97F7dMxBNOfGYu3rx8aCw,SPIDER-MAN: HOMECOMING - Official Trailer #2 (HD),Sony Pictures Entertainment,,28332921,337320,22853,92.0,87.0,1239.790005688531
X0tOpBuYasI,2022-06-08T13:00:18Z,UCjmJDM5pRKbUlVIzDYYWb6g,Black Adam – Official Trailer 1,Warner Bros. Pictures,en-US,31554317,484900,23410,38.0,88.0,1347.8990602306706
IWBsDaFWyTE,2021-02-07T23:52:38Z,UCvC4D8onUfXzvjTOM-dBfEA,Official Trailer | The Falcon and the Winter Soldier | Disney+,Marvel Entertainment,en,18077828,662074,24466,84.0,82.0,738.8959372189978
1Q8fG0TtVAY,2016-11-03T16:00:54Z,UCjmJDM5pRKbUlVIzDYYWb6g,WONDER WOMAN - Official Trailer [HD],Warner Bros. Pictures,en,30810543,262648,24765,93.0,83.0,1244.1164142943671
qZVTkn2NjS0,2022-09-10T18:55:51Z,UCvC4D8onUfXzvjTOM-dBfEA,Marvel Studios’ Secret Invasion | Official Trailer | Disney+,Marvel Entertainment,en,26017228,802078,24858,72.0,,1046.6340011263978
JAUoeqvedMo,2015-03-04T18:13:15Z,UCvC4D8onUfXzvjTOM-dBfEA,Marvel's Avengers: Age of Ultron - Trailer 3,Marvel Entertainment,en,47254047,230305,25752,76.0,82.0,1834.96609972041
HSzx-zryEgM,2016-07-24T01:24:12Z,UCvC4D8onUfXzvjTOM-dBfEA,Doctor Strange Official Trailer 2,Marvel Entertainment,en,44767974,306832,27395,89.0,86.0,1634.165869684249
kGM4uYZzfu0,2019-10-01T16:00:03Z,UCjmJDM5pRKbUlVIzDYYWb6g,BIRDS OF PREY - Official Trailer 1,Warner Bros. Pictures,en,30440633,343739,28065,79.0,78.0,1084.6475325138072
UUkn-enk2RU,2018-05-01T14:02:27Z,UCvC4D8onUfXzvjTOM-dBfEA,Marvel Studios' Ant-Man and The Wasp - Official Trailer #2,Marvel Entertainment,en,31619060,503915,28330,87.0,80.0,1116.0981291916696
vS3_72Gb-bI,2023-04-03T15:39:24Z,UCiifkYAs_bq1pt_zbNAzYGg,Blue Beetle – Official Trailer,DC,en-US,24315622,467891,28550,,,851.685534150613
8YjFbMbfXaQ,2021-06-25T00:54:38Z,UCvC4D8onUfXzvjTOM-dBfEA,Marvel Studios’ Shang-Chi and the Legend of the Ten Rings | Official Trailer,Marvel Entertainment,en,31655025,570052,29914,91.0,98.0,1058.2010095607409
ybji16u608U,2020-03-09T12:46:55Z,UCvC4D8onUfXzvjTOM-dBfEA,Marvel Studios' Black Widow | Official Trailer,Marvel Entertainment,en,33648501,684321,34011,79.0,91.0,989.3417129752139
nW948Va-l10,2021-04-05T13:00:01Z,UCvC4D8onUfXzvjTOM-dBfEA,Marvel Studios' Loki | Official Trailer | Disney+,Marvel Entertainment,en,24695393,742467,35188,92.0,90.0,701.8129191769922
5VYb3B1ETlk,2021-09-13T13:00:05Z,UCvC4D8onUfXzvjTOM-dBfEA,Marvel Studios’ Hawkeye | Official Trailer | Disney+,Marvel Entertainment,en,22559943,922793,35448,92.0,89.0,636.4235781990521
u3V5KDHRQvk,2022-12-01T22:01:32Z,UCvC4D8onUfXzvjTOM-dBfEA,Marvel Studios’ Guardians of the Galaxy Vol. 3 | Official Trailer,Marvel Entertainment,en,31837832,793415,39522,82.0,94.0,805.5723900612318
sj9J2ecsSpo,2020-09-21T01:03:04Z,UCvC4D8onUfXzvjTOM-dBfEA,WandaVision | Official Trailer | Disney+,Marvel Entertainment,en,24882188,778931,40069,91.0,87.0,620.9835034565375
ZlNFpri-Y40,2022-10-24T16:00:40Z,UCvC4D8onUfXzvjTOM-dBfEA,Marvel Studios’ Ant-Man and The Wasp: Quantumania | Official Trailer,Marvel Entertainment,en,32792957,1021873,40785,46.0,83.0,804.0445506926566
u7JsKhI2An0,2022-07-24T00:21:21Z,UCvC4D8onUfXzvjTOM-dBfEA,Official Trailer | She-Hulk: Attorney at Law | Disney+,Marvel Entertainment,en,25434450,617110,40889,80.0,32.0,622.0364890312798
_Z3QKkl1WyM,2022-10-03T13:00:01Z,UCvC4D8onUfXzvjTOM-dBfEA,Marvel Studios’ Black Panther: Wakanda Forever | Official Trailer,Marvel Entertainment,en,42594089,978489,45255,84.0,94.0,941.201834051486
x7Krla_UxRg,2022-01-18T03:00:07Z,UCvC4D8onUfXzvjTOM-dBfEA,Marvel Studios’ Moon Knight | Official Trailer | Disney+,Marvel Entertainment,en,38941752,1277996,47098,86.0,89.0,826.8238991039959
x_me3xsvDgk,2021-08-19T07:00:05Z,UCvC4D8onUfXzvjTOM-dBfEA,Marvel Studios’ Eternals | Final Trailer,Marvel Entertainment,en,45702454,856511,48001,47.0,77.0,952.1146226120289
go6GEIrcvFY,2018-07-21T18:56:04Z,UCjmJDM5pRKbUlVIzDYYWb6g,SHAZAM! - Official Teaser Trailer [HD],Warner Bros. Pictures,en,48967572,490668,52307,90.0,82.0,936.1571491387386
xjDjIWPwcPU,2017-10-16T13:00:07Z,UCvC4D8onUfXzvjTOM-dBfEA,Marvel Studios' Black Panther - Official Trailer,Marvel Entertainment,en,53273293,560639,54895,96.0,79.0,970.4580198560889
m9EX0f6V11Y,2022-03-15T14:00:03Z,UCvC4D8onUfXzvjTOM-dBfEA,Marvel Studios’ Ms. Marvel | Official Trailer | Disney+,Marvel Entertainment,en,24411765,839080,55500,98.0,80.0,439.85162162162163
ue80QwXMRHg,2017-07-23T01:27:50Z,UCvC4D8onUfXzvjTOM-dBfEA,"""Thor: Ragnarok"" Official Trailer",Marvel Entertainment,en,82305377,890739,59492,93.0,87.0,1383.4696597861898
Go8nTmfrQd8,2022-05-24T01:46:47Z,UCvC4D8onUfXzvjTOM-dBfEA,Marvel Studios' Thor: Love and Thunder | Official Trailer,Marvel Entertainment,en,58234447,1621010,60712,63.0,77.0,959.1917083937277
sfM7_JLk-84,2019-12-08T21:02:09Z,UCjmJDM5pRKbUlVIzDYYWb6g,Wonder Woman 1984 – Official Trailer,Warner Bros. Pictures,en,42827829,717145,64511,58.0,73.0,663.8841282881989
3cxixDgHUYw,2017-03-25T15:00:01Z,UCjmJDM5pRKbUlVIzDYYWb6g,JUSTICE LEAGUE - Official Trailer 1,Warner Bros. Pictures,en,40432758,458963,65187,39.0,68.0,620.2579962262414
iuk77TjvfmE,2023-04-11T12:46:57Z,UCvC4D8onUfXzvjTOM-dBfEA,Marvel Studios’ The Marvels | Teaser Trailer,Marvel Entertainment,en,19838353,529047,70626,,,280.89305638150256
CmRih_VtVAs,2016-01-20T02:58:04Z,UCjmJDM5pRKbUlVIzDYYWb6g,Suicide Squad - Official Trailer 1 [HD],Warner Bros. Pictures,en,96254914,777878,78384,26.0,58.0,1227.9918605837927
WDkg3h8PCVU,2018-07-21T19:24:00Z,UCjmJDM5pRKbUlVIzDYYWb6g,Aquaman - Official Trailer 1 - Now Playing In Theaters,Warner Bros. Pictures,en,65307542,678001,86244,65.0,72.0,757.2415704280877
aWzlQ2N6qqg,2022-02-13T23:12:44Z,UCvC4D8onUfXzvjTOM-dBfEA,Marvel Studios' Doctor Strange in the Multiverse of Madness | Official Trailer,Marvel Entertainment,en,62941132,2120592,88513,74.0,85.0,711.0947770384012
0WWzgGyAH6Y,2015-07-11T19:09:23Z,UCjmJDM5pRKbUlVIzDYYWb6g,Batman v Superman: Dawn of Justice - Comic-Con Trailer [HD],Warner Bros. Pictures,,78366902,525604,89907,29.0,63.0,871.6440544117811
mqqft2x_Aa4,2021-10-16T20:36:30Z,UCjmJDM5pRKbUlVIzDYYWb6g,THE BATMAN – Main Trailer,Warner Bros. Pictures,en-US,58860325,1329449,96701,85.0,87.0,608.683726124859
Nt9L1jCKGnE,2019-05-06T13:00:32Z,UCz97F7dMxBNOfGYu3rx8aCw,SPIDER-MAN: FAR FROM HOME - Official Trailer,Sony Pictures Entertainment,en,87376520,1995573,105359,90.0,95.0,829.321842462438
dKrVegVI0Us,2016-03-10T17:00:57Z,UCvC4D8onUfXzvjTOM-dBfEA,Marvel's Captain America: Civil War - Trailer 2,Marvel Entertainment,en,88574329,803049,127842,90.0,89.0,692.842172369018
Z1BCujX3pw8,2018-09-18T12:38:13Z,UCvC4D8onUfXzvjTOM-dBfEA,Marvel Studios' Captain Marvel - Official Trailer,Marvel Entertainment,en,62195966,1133845,141195,79.0,45.0,440.4969439427742
JfVOs4VSpmA,2021-11-17T01:30:05Z,UCz97F7dMxBNOfGYu3rx8aCw,SPIDER-MAN: NO WAY HOME - Official Trailer (HD),Sony Pictures Entertainment,en,79922472,2959368,176816,93.0,98.0,452.00927517871685
TcMBFSGVi1c,2019-03-14T12:05:18Z,UCvC4D8onUfXzvjTOM-dBfEA,Marvel Studios' Avengers: Endgame - Official Trailer,Marvel Entertainment,en,155469507,3407257,261344,94.0,90.0,594.884546804212
6ZfuNTqbHE8,2017-11-29T13:26:24Z,UCvC4D8onUfXzvjTOM-dBfEA,Marvel Studios' Avengers: Infinity War Official Trailer,Marvel Entertainment,,259148256,4107400,455951,85.0,92.0,568.368653649186
