Video ID,Comment ID,Published At,Updated At,Likes,Comment Text,label,confidence
vS3_72Gb-bI,UgyrbszcOXsDucYdhpJ4AaABAg,2023-06-27T12:05:40Z,2023-06-27T12:05:40Z,1,Cobra Kai I remember you,NON_HATE,0.9743376970291138
vS3_72Gb-bI,UgxTFrKng7I_pyIgyth4AaABAg,2023-06-27T09:55:17Z,2023-06-27T09:55:17Z,1,1:37 there's no way that everybody in this bus remained safe,NON_HATE,0.9723551273345947
vS3_72Gb-bI,UgyIlCJBXbo-v5bGDAZ4AaABAg,2023-06-27T09:31:13Z,2023-06-27T09:31:13Z,0,Cgi look like spy kids 3 movie😂,NON_HATE,0.9634222388267517
vS3_72Gb-bI,UgynvkYRSjp4yhy7T3B4AaABAg,2023-06-27T07:14:35Z,2023-06-27T07:14:35Z,0,It’s Miguel from cobra Kai,NON_HATE,0.968026876449585
vS3_72Gb-bI,UgxzL_tkqmQOfUKmUpJ4AaABAg,2023-06-27T06:55:30Z,2023-06-27T06:55:30Z,0,"sound like an anime adaptation😂😂😂""jenny?"", ""i think it likes me"", ""haimen"", 'im in space"", ""what is going on"", 'im flying"", ""what is this""'😅😅",NON_HATE,0.9118984937667847
vS3_72Gb-bI,UgzVUzZVqRCHEY22dYx4AaABAg,2023-06-27T06:12:39Z,2023-06-27T06:12:39Z,0,This actually looks so good! I REALLY hope this will be a separate universe from the current Ezra’s the Flash universe.,NON_HATE,0.9377759099006653
vS3_72Gb-bI,Ugy4mTPTPx1p-_KEAv94AaABAg,2023-06-27T04:54:54Z,2023-06-27T04:54:54Z,0,I love this Iron-Man,NON_HATE,0.9685328006744385
vS3_72Gb-bI,Ugwe3t1hFtIV5MVEa9R4AaABAg,2023-06-27T04:50:59Z,2023-06-27T04:50:59Z,0,"Marvel: Antman
DC: we do have an insect",NON_HATE,0.9470895528793335
vS3_72Gb-bI,Ugwwto0nk-V02wfnZxR4AaABAg,2023-06-27T04:47:08Z,2023-06-27T04:47:08Z,0,2:25 did bro just make clouds buster sword from final fantasy,NON_HATE,0.9681260585784912
vS3_72Gb-bI,Ugy_hIXi21_eJDCjh6h4AaABAg,2023-06-27T04:26:32Z,2023-06-27T04:26:32Z,0,"Please, who knows if the movie Blue Beetle will also be in 3D format at the cinema?",NON_HATE,0.9686199426651001
vS3_72Gb-bI,UgwrDNSNH4NriXoa4dJ4AaABAg,2023-06-27T04:07:28Z,2023-06-27T04:07:28Z,0,I’m surprised George Lopez did a movie with another Mexican,NON_HATE,0.9297152757644653
vS3_72Gb-bI,UgwKnEujXe8JoP1vD454AaABAg,2023-06-27T03:21:48Z,2023-06-27T03:21:48Z,0,Caga da de mr. D! Ojalá fracacase como todas las peliculas de dc,NON_HATE,0.9190323948860168
vS3_72Gb-bI,UgzBx69xfuZoMWRh2hV4AaABAg,2023-06-27T02:26:45Z,2023-06-27T02:26:45Z,0,This movie going to bomb…how can they let GL call Batman a fascist..just for that I will not give WB my 200 plus..(a family of 6) I hope it flops like the flash..#firejamesgunn..,NON_HATE,0.7256006002426147
vS3_72Gb-bI,Ugy1ZFwcyNyaXdjQxMN4AaABAg,2023-06-27T01:57:22Z,2023-06-27T01:57:22Z,0,"I'm actually interested in seeing this film, and I do hope it makes way more money than the Flash.",NON_HATE,0.9677850604057312
vS3_72Gb-bI,UgzFHjtbxt9PdWTZmLp4AaABAg,2023-06-27T01:23:28Z,2023-06-27T01:23:28Z,0,This doesn't look good at all.,NON_HATE,0.9772045016288757
vS3_72Gb-bI,UgwCzUAbmP0ILXcDm9F4AaABAg,2023-06-27T00:55:22Z,2023-06-27T00:55:22Z,1,nice !!!,NON_HATE,0.9753570556640625
vS3_72Gb-bI,UgxDCL97huivDd2L_lZ4AaABAg,2023-06-27T00:41:47Z,2023-06-27T00:41:47Z,1,"I know nothing about this character, but I am so excited about this movie! Props for the sick trailer.",NON_HATE,0.9717252850532532
vS3_72Gb-bI,Ugz6_mr9wIFGbJdAU6p4AaABAg,2023-06-27T00:30:23Z,2023-06-27T00:30:23Z,1,Great casting choice for blue beetle,NON_HATE,0.9712859392166138
vS3_72Gb-bI,UgyEqt89cXpktN9Hp154AaABAg,2023-06-27T00:18:40Z,2023-06-27T00:18:40Z,1,this looks dope. i dont know about the CGI though,NON_HATE,0.9730000495910645
vS3_72Gb-bI,UgyOtDLJtFufRTQQYAt4AaABAg,2023-06-27T00:06:12Z,2023-06-27T00:06:12Z,0,NO thanks,NON_HATE,0.9734786748886108
vS3_72Gb-bI,UgwBUmD70gdOkMD-dmZ4AaABAg,2023-06-26T23:16:54Z,2023-06-26T23:16:54Z,0,The true story as to how Johnny got Miguel to walk again,NON_HATE,0.9704511761665344
vS3_72Gb-bI,UgxkSM59vaf-gt_w5zt4AaABAg,2023-06-26T21:03:50Z,2023-06-26T21:03:50Z,0,Batman isa fascist,NON_HATE,0.9235011339187622
vS3_72Gb-bI,UgzVPHQL5ntK4Uc8dCB4AaABAg,2023-06-26T19:37:55Z,2023-06-26T19:37:55Z,0,This movie feels so Marvelish,NON_HATE,0.9710448384284973
vS3_72Gb-bI,Ugx9KJk74-Yy5I3fDP94AaABAg,2023-06-26T19:29:34Z,2023-06-26T19:29:34Z,0,"I never grew up with him, but saw him in injustice 2. So, is he like, an iron man/black panther/green lantern/venom hybrid hero?",NON_HATE,0.9736340641975403
vS3_72Gb-bI,UgzHexdwybcxdZXIjdR4AaABAg,2023-06-26T19:14:15Z,2023-06-26T19:15:00Z,1,"I’m watching this because of xolo 
But I know it will be good",NON_HATE,0.9659256935119629
vS3_72Gb-bI,UgxmUqRaFsKoIuAqBft4AaABAg,2023-06-26T17:59:05Z,2023-06-26T17:59:05Z,0,"Why?  
Just make a Martian Manhunter movie that way you can lead into your own new Justice League film(s). This trashfire will make about -$250million congrats 🍾",NON_HATE,0.9184258580207825
vS3_72Gb-bI,Ugx8L58KdshU_sjM7x54AaABAg,2023-06-26T17:25:22Z,2023-06-26T17:25:22Z,0,"So it’s basically a crappy Iron Man with an annoying hip hop song? Okay, got it. 🙄🤦🏻‍♂️",NON_HATE,0.8570711016654968
vS3_72Gb-bI,UgyVdNzWIiKqV38BqjV4AaABAg,2023-06-26T17:25:11Z,2023-06-26T17:25:11Z,0,The music in the DC trailers lately has been TERRIBLE. who thought this song was a good idea?,NON_HATE,0.9749982357025146
vS3_72Gb-bI,Ugw3wraeXSQ4sIu-J3t4AaABAg,2023-06-26T17:07:14Z,2023-06-26T17:07:14Z,1,This looks soo goooddddd,NON_HATE,0.9705086350440979
vS3_72Gb-bI,UgxZV_zYwAn3i6QJL6J4AaABAg,2023-06-26T16:18:50Z,2023-06-26T16:18:50Z,0,"Honestly, this looks as bad as Morbius",NON_HATE,0.9375613331794739
vS3_72Gb-bI,UgwXHEpa8iAbmrLxRGt4AaABAg,2023-06-26T16:11:44Z,2023-06-26T16:11:44Z,0,So it’s basically moon knight but not egyptian?,NON_HATE,0.9759460687637329
vS3_72Gb-bI,Ugw0KREEiX1R7y1-zcV4AaABAg,2023-06-26T15:16:00Z,2023-06-26T15:16:00Z,0,"I respect all dc fans but to me it seems like a mix of iron man, ms. Marvel and ant man. And I don’t mean the comics I mean the trailer/ film. But I need to say I it looks like a intresting film and I don’t want to hate.",NON_HATE,0.8957253694534302
vS3_72Gb-bI,UgzYUjdupqBNK-Nasrx4AaABAg,2023-06-26T13:46:04Z,2023-06-26T13:46:04Z,1,"""Batman's the fascist""? Fine, let's tear down characters that people really like, maybe it'll work this time.",NON_HATE,0.9645042419433594
vS3_72Gb-bI,UgwWwkKM7NKEFy-47Dh4AaABAg,2023-06-26T13:38:16Z,2023-06-26T13:38:16Z,0,"Looks alright, but was the Batman hate necessary at the end?",NON_HATE,0.9437811374664307
vS3_72Gb-bI,Ugz1ZvVz_HPFkKJ8xzZ4AaABAg,2023-06-26T13:30:27Z,2023-06-26T13:30:27Z,0,लाल पूरा ठेला लाल,NON_HATE,0.9665933847427368
vS3_72Gb-bI,Ugx5b0g8ymqlq0_rMWl4AaABAg,2023-06-26T12:51:28Z,2023-06-26T12:51:28Z,0,aint nobody noticing how 🔥🔥🔥🔥🔥🔥🔥 the trailer background song was,NON_HATE,0.9697936177253723
vS3_72Gb-bI,UgybG-lbJuOeysXgf594AaABAg,2023-06-26T12:44:53Z,2023-06-26T12:44:53Z,0,Miguel’s got an upgrade,NON_HATE,0.9720183610916138
vS3_72Gb-bI,UgyFfba4omORw6aPtK14AaABAg,2023-06-26T10:39:00Z,2023-06-26T10:39:00Z,0,"More like spiderman than batman... but wouldnt say it since its Marvel, would you...😂",NON_HATE,0.7718037962913513
vS3_72Gb-bI,UgwnqMRETjNxtfWbSzB4AaABAg,2023-06-26T09:11:09Z,2023-06-26T09:11:09Z,0,This is why I love DC than marvel because DC never dissapoints.,NON_HATE,0.9712992906570435
vS3_72Gb-bI,UgwlgM5tKQv5TFm6Hwd4AaABAg,2023-06-26T07:17:57Z,2023-06-26T07:17:57Z,1,2 min into the trailer and boring and lame as f****. Well done DC for other failure,NON_HATE,0.9603461027145386
vS3_72Gb-bI,Ugw8edyBrh2ZkanLtLF4AaABAg,2023-06-26T06:58:43Z,2023-06-26T06:58:43Z,2,it is look like İRONMAN,NON_HATE,0.9507567882537842
vS3_72Gb-bI,UgxFueTaKfMRRl6pydF4AaABAg,2023-06-26T05:19:44Z,2023-06-26T05:19:44Z,1,"That last scene is dope af, and I’m also happy they’re introducing more Hispanic characters",NON_HATE,0.9474124908447266
vS3_72Gb-bI,Ugykgo0N7w7Tc4KhyQh4AaABAg,2023-06-26T03:13:29Z,2023-06-26T03:13:29Z,1,"As an indian, i thought they were Indian until by boyfriend said they're mexican. My bad. But your familial bond reminds me of ours",NON_HATE,0.7601248025894165
vS3_72Gb-bI,UgzocYAdSZ8q70Ubrcl4AaABAg,2023-06-26T02:56:01Z,2023-06-26T02:56:01Z,0,"Before Marvel's Iron Man, there's DC's Blue Beetle 🐞",NON_HATE,0.9181604981422424
vS3_72Gb-bI,UgxpZ0BfpKoOt1S-IEF4AaABAg,2023-06-26T02:23:03Z,2023-06-26T02:23:03Z,0,Best DC trailer after Christopher Nolan movies,NON_HATE,0.965851902961731
vS3_72Gb-bI,UgxFnOChlyvBAgs_0YF4AaABAg,2023-06-26T02:20:36Z,2023-06-26T02:20:36Z,0,Best dc trailer till date,NON_HATE,0.9729788303375244
vS3_72Gb-bI,UgzI8oV5geeRmAqoep14AaABAg,2023-06-26T01:39:56Z,2023-06-26T01:39:56Z,0,Looks awesome,NON_HATE,0.974937379360199
vS3_72Gb-bI,Ugw1_qDmMRNHFYD0nh14AaABAg,2023-06-26T00:59:49Z,2023-06-26T00:59:49Z,0,George Lopez is trash,NON_HATE,0.9752854704856873
vS3_72Gb-bI,UgwEMVn_iK65gG369Eh4AaABAg,2023-06-25T21:49:14Z,2023-06-25T21:53:31Z,0,"You can see the love that been put into the trailer, song and the outfit is so dope and looks exactly like the comics. The ""Batman's a fascist"" killed me at the end!😂 cant' wait for this movie 10/10 for me. The blade fusion reminds me of Cloud Strife in final fantasy",NON_HATE,0.9252004027366638
vS3_72Gb-bI,UgwsXsU8ADdRHEkQNnB4AaABAg,2023-06-25T21:20:21Z,2023-06-25T21:20:21Z,0,Always sunny dee voice: BUG!,NON_HATE,0.9698693156242371
vS3_72Gb-bI,UgwTACdNI7XBJBlv3sZ4AaABAg,2023-06-25T21:16:15Z,2023-06-25T21:16:15Z,0,Thought this was a trailer for cobra kai,NON_HATE,0.9760063886642456
vS3_72Gb-bI,Ugy16CeREzOP8CynH_t4AaABAg,2023-06-25T21:14:33Z,2023-06-25T21:14:33Z,0,This market is so saturated now. But admittedly this concept stands out as being novel. I wasn’t expecting that.,NON_HATE,0.9731554985046387
vS3_72Gb-bI,UgxGrmjU16__qXqTa-Z4AaABAg,2023-06-25T21:04:37Z,2023-06-25T21:04:37Z,0,Wow can't wait to watch full,NON_HATE,0.976241409778595
vS3_72Gb-bI,UgxIhTk_MdBMbMiUBIx4AaABAg,2023-06-25T20:59:33Z,2023-06-25T20:59:33Z,0,The music makes the trailer  looks better,NON_HATE,0.9727287888526917
vS3_72Gb-bI,UgxKcdf6UT5jQ39-5yV4AaABAg,2023-06-25T20:10:29Z,2023-06-25T20:10:29Z,0,bof,NON_HATE,0.9773042798042297
vS3_72Gb-bI,UgwPFQ72shtqNpAmL4t4AaABAg,2023-06-25T19:32:29Z,2023-06-25T19:32:29Z,0,I CANT WAIT FOR THIS,NON_HATE,0.8714578747749329
vS3_72Gb-bI,UgwD4gQ1e3YGsbx_xIR4AaABAg,2023-06-25T19:02:04Z,2023-06-25T19:02:04Z,4,"I love when the blue beetle says ""it's time to beetle"" and starts blue beetling all over the screen",NON_HATE,0.963582456111908
vS3_72Gb-bI,Ugy2a3zPQ0_PIKmk1q54AaABAg,2023-06-25T18:23:10Z,2023-06-25T18:23:10Z,0,"""its in your face!!!""
""im in space""
""what is going on??""

sublime writing",NON_HATE,0.914334774017334
vS3_72Gb-bI,UgwRDN3DO_wL_99JCAd4AaABAg,2023-06-25T18:08:53Z,2023-06-25T18:08:53Z,3,Batman is a fascist? Really?!,NON_HATE,0.9629173874855042
vS3_72Gb-bI,UgyR7GkgEkDbp_0vB_N4AaABAg,2023-06-25T17:57:35Z,2023-06-25T17:57:35Z,1,"ok, DC has been mostly missing in movies (minus Aquaman and Wonder Woman) but this looks good",NON_HATE,0.9708676338195801
vS3_72Gb-bI,UgzcVPDIXxbMd78oUeJ4AaABAg,2023-06-25T15:53:17Z,2023-06-25T15:53:17Z,1,"bla bla bla 
it's Spider man + Venom 
ha ha ha",NON_HATE,0.9730332493782043
vS3_72Gb-bI,UgwGzCNr1xXbUsG7wjZ4AaABAg,2023-06-25T14:13:26Z,2023-06-25T14:13:26Z,0,Excuse me....*ahem*. The fxxxing BUSTER SWORD?!,NON_HATE,0.9655802845954895
vS3_72Gb-bI,Ugzob4un-AHAeuLH8DN4AaABAg,2023-06-25T14:12:09Z,2023-06-25T14:14:02Z,2,Batman is a fascist? Really? 🙄 Iam out.,NON_HATE,0.9614596962928772
vS3_72Gb-bI,UgxQcy9FxDvV5r5W6YF4AaABAg,2023-06-25T13:45:55Z,2023-06-25T13:45:55Z,1,This looks really good. That is the same kid from Cobra Kai of course and he'll get some otherwise uninterested people interested too.,NON_HATE,0.9726794362068176
vS3_72Gb-bI,UgyKZ7ChGFPbPqL49Nl4AaABAg,2023-06-25T13:29:55Z,2023-06-25T13:29:55Z,0,I immediately started bustin moves once I heard the intro,NON_HATE,0.9605996012687683
vS3_72Gb-bI,UgwRB4-xU3kisV-Hz7J4AaABAg,2023-06-25T13:14:41Z,2023-06-25T13:14:41Z,1,Really glad to see Xolo reprise the role of a superhero after cobra kai,NON_HATE,0.9636768102645874
vS3_72Gb-bI,UgwHvRXkKv6Qzmr-GdJ4AaABAg,2023-06-25T11:52:17Z,2023-06-25T11:52:17Z,0,Spidermannnnnn copycat,NON_HATE,0.9697339534759521
vS3_72Gb-bI,Ugyji8y4yuxc-YXOwG94AaABAg,2023-06-25T11:50:23Z,2023-06-25T11:50:23Z,4,"I was on board until I heard the ""Batman is a fascist"" comment.",NON_HATE,0.9685237407684326
vS3_72Gb-bI,UgwU0zpSMVGe2I1gSoh4AaABAg,2023-06-25T11:05:02Z,2023-06-25T11:05:02Z,0,That should do the dance..,NON_HATE,0.9765141606330872
vS3_72Gb-bI,Ugwtwxtxcvc58VGsrbZ4AaABAg,2023-06-25T08:15:04Z,2023-06-25T08:15:04Z,0,Cobra kai Hero -meguel,NON_HATE,0.9747752547264099
vS3_72Gb-bI,Ugw8Ag2tBzSpu-lgz3x4AaABAg,2023-06-25T08:08:18Z,2023-06-25T08:08:18Z,1,eventhough the flash flopped i still have hope for this,NON_HATE,0.9744789600372314
vS3_72Gb-bI,UgwuIHuGQtgFTIHtvFB4AaABAg,2023-06-25T07:53:36Z,2023-06-25T07:53:36Z,0,Dude has to be careful around balconys lol,NON_HATE,0.9657852649688721
vS3_72Gb-bI,Ugwd61lk5oDirCKo6ix4AaABAg,2023-06-25T07:26:52Z,2023-06-25T07:26:52Z,0,so its like iorn man's pet spider boy had a kid with ant man?,NON_HATE,0.967272937297821
vS3_72Gb-bI,UgyrIYVuexrFIP5S8I54AaABAg,2023-06-25T07:23:08Z,2023-06-25T07:23:08Z,0,That buster blade tho oh my..,NON_HATE,0.9757509231567383
vS3_72Gb-bI,Ugzvg6BTuvhOA9icWgt4AaABAg,2023-06-25T06:31:17Z,2023-06-25T06:31:17Z,0,"If i was 13, this would be cool. I need super heroe movies with some depth now",NON_HATE,0.9734799265861511
vS3_72Gb-bI,UgyRBkTylTAomEMP7lh4AaABAg,2023-06-25T06:28:36Z,2023-06-25T06:28:36Z,0,"Man, that sword move... very smooth!",NON_HATE,0.975480318069458
vS3_72Gb-bI,UgyD56CIPRfXGdYUnk14AaABAg,2023-06-25T06:04:19Z,2023-06-25T06:04:19Z,5,"""Batman's a Fascist""
No thanks",NON_HATE,0.9555158019065857
vS3_72Gb-bI,Ugw1X6E188aSejd4m4x4AaABAg,2023-06-25T04:40:34Z,2023-06-25T04:40:34Z,1,Itz Miguel from cobra kai 🤯🤯,NON_HATE,0.9714673757553101
vS3_72Gb-bI,UgxYbzFE4uRzLB-ZomF4AaABAg,2023-06-25T04:15:21Z,2023-06-25T04:15:21Z,3,I think DC might finally have a winner. Let’s freaking Go!!!! 😲,NON_HATE,0.8796505331993103
vS3_72Gb-bI,UgzsWflprlCoD_hTzhh4AaABAg,2023-06-25T03:46:27Z,2023-06-25T03:46:27Z,2,i dont care if this movie is bad im still gonna watch it for cobra kai,NON_HATE,0.9628242254257202
vS3_72Gb-bI,UgzMrR8CJ2tiYpBFWUx4AaABAg,2023-06-25T03:02:11Z,2023-06-25T03:02:11Z,0,Hope this movie doesn't match with previous wonderful senseless stupid movie.😌,NON_HATE,0.7146389484405518
vS3_72Gb-bI,Ugy7cd52n-A-k_llpbh4AaABAg,2023-06-25T01:45:04Z,2023-06-25T01:45:04Z,0,Guess this is next tom holland,NON_HATE,0.9580236077308655
vS3_72Gb-bI,UgxrCvBYXoEC-RgL5R94AaABAg,2023-06-25T00:46:13Z,2023-06-25T00:46:13Z,4,“Batman’s a fascist” immediately I’m not watching,NON_HATE,0.9524133205413818
vS3_72Gb-bI,UgzEsOX_GMvmKtSGdTV4AaABAg,2023-06-24T23:54:32Z,2023-06-24T23:54:32Z,2,Honestly I prefer hero who hide their identities bcs usually when there is family it’s cringe,NON_HATE,0.710372805595398
vS3_72Gb-bI,Ugzbc1qLkvJVbHF3wg54AaABAg,2023-06-24T23:15:41Z,2023-06-24T23:15:41Z,1,This Movie is Gonna be so good when It comes out😮,NON_HATE,0.9282017946243286
vS3_72Gb-bI,Ugyxq1PTacAfnChKYQN4AaABAg,2023-06-24T22:48:53Z,2023-06-24T22:48:53Z,0,blue beetle movie Hindi dubbed please,NON_HATE,0.9704970717430115
vS3_72Gb-bI,Ugz6r9c7tSc4cibUSE54AaABAg,2023-06-24T22:31:22Z,2023-06-24T22:31:22Z,1,Every dc universe needs a big belly burger😂,NON_HATE,0.9104162454605103
vS3_72Gb-bI,Ugx5uwokJ6ttYjR5CQN4AaABAg,2023-06-24T22:28:58Z,2023-06-24T22:28:58Z,2,I think I just witnessed everything wrong with superhero movies crammed into 3 minutes.,NON_HATE,0.9707008004188538
vS3_72Gb-bI,UgyT67-Mz1-oVQkqYUd4AaABAg,2023-06-24T22:12:38Z,2023-06-24T22:12:38Z,0,Nah they made em even wackier,NON_HATE,0.925561249256134
vS3_72Gb-bI,Ugx8zVRlyKpLZgIfP_d4AaABAg,2023-06-24T21:01:19Z,2023-06-24T21:01:19Z,0,Cant recall where have i seen the bit he does when he kicks the sword with his leg anyone ??,NON_HATE,0.9718033075332642
vS3_72Gb-bI,UgyWbOIdEoBlx442Hut4AaABAg,2023-06-24T20:09:37Z,2023-06-24T20:09:37Z,1,Hopefully it's better than that trash they call the flash😂,NON_HATE,0.90283203125
vS3_72Gb-bI,UgwxnEX2tXDYBbpYZ2x4AaABAg,2023-06-24T19:46:17Z,2023-06-24T19:46:17Z,0,I can’t wait to see this movie 😊,NON_HATE,0.9559630155563354
vS3_72Gb-bI,UgxE_a0OFklUexGQcst4AaABAg,2023-06-24T19:45:13Z,2023-06-24T19:45:13Z,0,"Thanks Cynthia for connecting me wirt *TRENCHGLITCH* I got valid Fullz from him it cool legit, bruh rly honest",NON_HATE,0.966025173664093
vS3_72Gb-bI,UgwuEp2A7zz7QvL0j754AaABAg,2023-06-24T19:23:13Z,2023-06-24T19:23:13Z,0,What a cool name! .. Jaime!,NON_HATE,0.9720515012741089
vS3_72Gb-bI,Ugz7M62c8KElyP3_9YB4AaABAg,2023-06-24T18:13:29Z,2023-06-24T18:13:29Z,0,this feels like a DC version of Deadpool and tbh i love it,NON_HATE,0.9730585217475891
vS3_72Gb-bI,UgwCqphcXBZWtLFTfVN4AaABAg,2023-06-24T18:03:02Z,2023-06-24T18:03:02Z,0,"Wings 8 white
Wings blue 6",NON_HATE,0.9748841524124146
vS3_72Gb-bI,UgzOMzD4kmGvaQSE80B4AaABAg,2023-06-24T16:29:21Z,2023-06-24T16:29:21Z,0,"Marvel: just copy my Spider-Man costume and Ms.Marvel story 
DC: done just change the name to Blue Beetle",NON_HATE,0.9544630646705627
vS3_72Gb-bI,UgzTz6blKl5Mh4YMrx94AaABAg,2023-06-24T15:48:42Z,2023-06-24T15:48:42Z,0,"Gostei muito do trailer, espero que o filme seja bom e que tenha uma boa recepção do público e a crítica. 
To ansioso.",NON_HATE,0.9555910229682922
vS3_72Gb-bI,UgwrIj69DfYQmu-65HV4AaABAg,2023-06-24T15:29:56Z,2023-06-24T15:29:56Z,0,"Please don't turn it into Venom, please don't turn it into Venom, please don't turn it into venom",NON_HATE,0.9121711850166321
vS3_72Gb-bI,UgzvNq-eZZh4azdWwbh4AaABAg,2023-06-24T14:58:17Z,2023-06-24T14:58:17Z,0,next DC film to flop after the flash.. 😂,NON_HATE,0.9706653952598572
vS3_72Gb-bI,UgyLkkwptg0sij3lW8V4AaABAg,2023-06-24T12:43:25Z,2023-06-24T12:43:25Z,0,dead on arrival,NON_HATE,0.9745538830757141
vS3_72Gb-bI,UgxltO18xgQsxJcZSu14AaABAg,2023-06-24T12:11:24Z,2023-06-24T12:11:24Z,0,Wow This Looks Awesome,NON_HATE,0.903600811958313
vS3_72Gb-bI,Ugwql7c50rEezyR4sIN4AaABAg,2023-06-24T11:10:25Z,2023-06-24T11:10:25Z,1,For anyone who thinks Robby is stronger,NON_HATE,0.9679401516914368
vS3_72Gb-bI,UgxUfd__q83gvP9mz5J4AaABAg,2023-06-24T09:56:22Z,2023-06-24T09:56:22Z,0,Amazing,NON_HATE,0.9780728220939636
vS3_72Gb-bI,Ugxgj43ij7X_wRrmsVF4AaABAg,2023-06-24T08:37:37Z,2023-06-24T08:37:37Z,0,Looks dope,NON_HATE,0.9741522073745728
vS3_72Gb-bI,UgyyCM6lt1ZCpflMOzZ4AaABAg,2023-06-24T07:56:53Z,2023-06-24T07:56:53Z,0,Make a hawk girl movie,NON_HATE,0.9721473455429077
vS3_72Gb-bI,UgzbhoXVA88AY5hXeHB4AaABAg,2023-06-24T06:51:14Z,2023-06-24T06:51:14Z,1,"What's crazy is the first time I saw this Trailer I heard George Lopez tell the boy that God gave him a gift and now I watch it again it says the ""universe"" gave him a gift that's crazy how they try an take God out of everything yo 😔😔",NON_HATE,0.9156671166419983
vS3_72Gb-bI,UgwieEUNsuaISptcO454AaABAg,2023-06-24T05:35:01Z,2023-06-24T05:35:01Z,0,This is probably going to be the first REAL latino superohero movie. It was about time.,NON_HATE,0.9648264050483704
vS3_72Gb-bI,UgxhMgDh4WGlE9hW1o54AaABAg,2023-06-24T05:20:09Z,2023-06-24T05:20:09Z,1,This looks more interesting than Shazam.,NON_HATE,0.9781113862991333
vS3_72Gb-bI,UgwXk4ckk7E5gLWExXt4AaABAg,2023-06-24T04:57:20Z,2023-06-24T04:57:20Z,1,"One thing's for sure, it looks a heck of a lot better than the Flash.",NON_HATE,0.938103199005127
vS3_72Gb-bI,Ugyh8FtdUTTu9zSRde94AaABAg,2023-06-24T04:11:00Z,2023-06-24T04:11:00Z,0,There's literally no whites in this.  Yall put the accents on the wrong letters in some of the names in the description,NON_HATE,0.959371030330658
vS3_72Gb-bI,UgwTQ2KFBAyeW7Uau294AaABAg,2023-06-24T01:36:48Z,2023-06-24T01:36:48Z,2,Quite ironic GL calling Batman a fascist😂,NON_HATE,0.915601372718811
vS3_72Gb-bI,Ugz-BtVq5efToGtxmfN4AaABAg,2023-06-24T00:50:28Z,2023-06-24T00:50:28Z,1,this looks awful,NON_HATE,0.9718616008758545
vS3_72Gb-bI,Ugz1_Y0-WuQvovQ9vCJ4AaABAg,2023-06-24T00:01:13Z,2023-06-24T00:01:13Z,3,Not interested.,NON_HATE,0.9782299995422363
vS3_72Gb-bI,UgzsGRrIW92eQrHVG1t4AaABAg,2023-06-23T23:04:41Z,2023-06-23T23:04:41Z,0,When will this movies drop❤❤❤❤,NON_HATE,0.9577687382698059
vS3_72Gb-bI,Ugwy2t3HMjtUUPOW4Lh4AaABAg,2023-06-23T21:20:55Z,2023-06-23T21:20:55Z,0,finally i hope this will b goid...coz the flash just disappointed me...i rate it -10000/10,NON_HATE,0.9712700843811035
vS3_72Gb-bI,Ugw9-bFOrnEdR25fcXd4AaABAg,2023-06-23T21:10:35Z,2023-06-23T21:10:35Z,0,This looks like it's gonna be sick asf,NON_HATE,0.8766039609909058
vS3_72Gb-bI,UgyjeAnPNs5o-74dWNZ4AaABAg,2023-06-23T20:39:44Z,2023-06-23T20:39:44Z,0,😑 siri getting cast as scarab... takes the bloodlust away from the little world destroyer,NON_HATE,0.9206004738807678
vS3_72Gb-bI,UgzA0slxHmM8xmG8lwp4AaABAg,2023-06-23T20:04:14Z,2023-06-23T20:04:14Z,1,"Teen Titans Go!: Opposite Gender Madness are released on Max on November 10th, 2023, the same date as Under the Boardwalk.",NON_HATE,0.9495541453361511
vS3_72Gb-bI,UgwxgKR8uYz0qmRDd9N4AaABAg,2023-06-23T19:35:48Z,2023-06-23T19:35:48Z,2,The fact that they make some great movies like these just makes me more disappointed with the terrible movies dc has made,NON_HATE,0.9135130047798157
vS3_72Gb-bI,UgzdAVLncBvIQ9fSccB4AaABAg,2023-06-23T19:24:36Z,2023-06-23T19:24:36Z,0,The best DCCU movie trailer to date,NON_HATE,0.9683428406715393
vS3_72Gb-bI,UgyeqGAWja9F-VHsMZV4AaABAg,2023-06-23T19:04:15Z,2023-06-23T19:04:15Z,1,Looks great which means DC will ruin it before its out,NON_HATE,0.655476987361908
vS3_72Gb-bI,UgxcU437JE40YIRiVuF4AaABAg,2023-06-23T18:36:12Z,2023-06-23T18:36:12Z,0,"trailers became the movie on ×2,0",NON_HATE,0.9743891954421997
vS3_72Gb-bI,UgztV5W_5X2WcZfvAzN4AaABAg,2023-06-23T18:23:47Z,2023-06-23T18:23:47Z,0,And booster gold….? 🤞🏻,NON_HATE,0.97614586353302
vS3_72Gb-bI,UgwWEvXX6Yk92Q3zFIt4AaABAg,2023-06-23T17:25:28Z,2023-06-23T17:25:28Z,0,Ant man of DC  🤔,NON_HATE,0.9579429626464844
vS3_72Gb-bI,UgwrcCZpB_jQUppIjK14AaABAg,2023-06-23T17:24:40Z,2023-06-23T17:24:40Z,0,"when cloud strife's sword in his hand :""Nice Choice"" 😂😂😂",NON_HATE,0.9438718557357788
vS3_72Gb-bI,Ugxgnp1VegZ2-tAjZ6x4AaABAg,2023-06-23T16:28:42Z,2023-06-23T16:29:01Z,1,i love superman's hanrry C.,NON_HATE,0.9738456606864929
vS3_72Gb-bI,UgwmUhvPgnjZB0oFF1B4AaABAg,2023-06-23T15:31:25Z,2023-06-23T15:31:25Z,0,Fik shun ohh yeah,NON_HATE,0.9759705066680908
vS3_72Gb-bI,UgzwfhVNFRETEpsv3E94AaABAg,2023-06-23T15:00:32Z,2023-06-23T15:00:38Z,0,When is the second trailer coming out?,NON_HATE,0.9772886633872986
vS3_72Gb-bI,Ugysb2QOcVhYl4WbGb14AaABAg,2023-06-23T14:30:22Z,2023-06-23T14:30:22Z,0,the trailer got me excited,NON_HATE,0.9739382266998291
vS3_72Gb-bI,Ugza6lALLf_AS23xNDB4AaABAg,2023-06-23T13:50:02Z,2023-06-23T13:50:02Z,0,Fake antman,NON_HATE,0.9753682613372803
vS3_72Gb-bI,Ugz0fIkBPNpeuJGRyyd4AaABAg,2023-06-23T12:17:59Z,2023-06-23T12:17:59Z,2,Wow you had me till the Batman comment 😒,NON_HATE,0.9586357474327087
vS3_72Gb-bI,UgyY6qlgmF43olvjIVx4AaABAg,2023-06-23T12:11:32Z,2023-06-23T12:11:32Z,0,i want blue beetle vs green lantern 👀,NON_HATE,0.9695834517478943
vS3_72Gb-bI,UgyNLzEpAi706TZFWqd4AaABAg,2023-06-23T11:10:21Z,2023-06-23T11:10:21Z,0,giving me shang chi vibes 😍,NON_HATE,0.96086585521698
vS3_72Gb-bI,UgwDyRLVgMNz2LrZipN4AaABAg,2023-06-23T10:41:35Z,2023-06-23T10:41:35Z,0,power ranger with nano tech but awesome one,NON_HATE,0.9746602177619934
vS3_72Gb-bI,Ugw5Asgu0YrORzORGg14AaABAg,2023-06-23T10:40:10Z,2023-06-23T10:40:10Z,0,No thanks 😆,NON_HATE,0.9705384969711304
vS3_72Gb-bI,UgwRu9Vh3CUBvDzTYEh4AaABAg,2023-06-23T07:23:17Z,2023-06-23T07:23:17Z,0,Am I the only one who is surprised of how good this looks and how fast it is coming out since James Gunn announced it,NON_HATE,0.9686311483383179
vS3_72Gb-bI,UgzNQ3nd-bGlH3coNYJ4AaABAg,2023-06-23T07:10:36Z,2023-06-23T07:10:36Z,2,Blue beetle will fail,NON_HATE,0.9630723595619202
vS3_72Gb-bI,UgxzzitsaB8xp55m22R4AaABAg,2023-06-23T07:09:46Z,2023-06-23T07:09:46Z,1,It’s look silly and repetitive story nothing new they don’t have new ideas it’s look like spider man,NON_HATE,0.9291418790817261
vS3_72Gb-bI,Ugyho1Lf_tXJVEFC_EZ4AaABAg,2023-06-23T06:44:36Z,2023-06-23T06:44:36Z,0,a f... comedy ... again ... nope thx!,NON_HATE,0.974072277545929
vS3_72Gb-bI,UgyZ5zuzZ-xDseDYZzt4AaABAg,2023-06-23T06:16:46Z,2023-06-23T06:16:46Z,0,"Well at least the trailer made me laugh...
Interesting...",NON_HATE,0.9651788473129272
vS3_72Gb-bI,UgykgXc0mJ2b2-X_62V4AaABAg,2023-06-23T05:19:10Z,2023-06-23T05:19:10Z,0,Ah copas ironman & spiderman,NON_HATE,0.9619126319885254
vS3_72Gb-bI,UgyT-4tVnlXjYGter_J4AaABAg,2023-06-23T05:18:18Z,2023-06-23T05:18:18Z,1,Another huge mess😊,NON_HATE,0.9665079712867737
vS3_72Gb-bI,Ugwsb3TFTVBKT8tC7ZZ4AaABAg,2023-06-23T04:51:56Z,2023-06-23T04:51:56Z,0,"2008-2019 was MCU

2023- onwards DC begins",NON_HATE,0.9747886657714844
vS3_72Gb-bI,UgwGPv_P42rHP_2zOaJ4AaABAg,2023-06-23T03:59:44Z,2023-06-23T03:59:44Z,0,Real name movie,NON_HATE,0.9694105386734009
vS3_72Gb-bI,UgzbaLE6Bwg3LYgO3G94AaABAg,2023-06-23T03:27:08Z,2023-06-23T03:27:08Z,0,high-budget Kamen Rider,NON_HATE,0.9682567119598389
vS3_72Gb-bI,UgynMSXcf2dM-CjRG9p4AaABAg,2023-06-23T02:50:25Z,2023-06-23T02:50:25Z,1,Super cool ❤❤🔥🔥,NON_HATE,0.9722676873207092
vS3_72Gb-bI,Ugwj5LPEYdkizHGZiXl4AaABAg,2023-06-23T01:52:07Z,2023-06-23T01:52:07Z,0,what is the song name?,NON_HATE,0.9763710498809814
vS3_72Gb-bI,UgzmV5f_03EDQBF2q854AaABAg,2023-06-23T01:47:38Z,2023-06-23T01:47:38Z,1,HAHAHA lets see what the justice leauge can do to blue beetle now 😈😈😈,NON_HATE,0.9526680707931519
vS3_72Gb-bI,UgwK6jx-7JHiUvqcB5J4AaABAg,2023-06-23T01:23:19Z,2023-06-23T01:23:19Z,0,"This actually looks not awful, I'm glad.

Definitely should be better than the Sonyverse, Kraven The Hunter bleh...",NON_HATE,0.9578663110733032
vS3_72Gb-bI,UgzKPAks8ZIwQIIkmjh4AaABAg,2023-06-23T01:11:12Z,2023-06-23T01:11:12Z,0,"I think the more of MCU fans in here tends to give a slack on the DCEU
For you guys who don't see the good things first in DC movies, you tend to be reactive always
Comparing the MCU movies with that of the DC is just like comparing an iphone and Samsung Galaxy which in sense the iphone is more liked by people world wide due to the design, the structure, the contents, the sleek body nature and stuff s like that, that's what the MCU looks like,a good masterpiece with contents and stories to keep people teased and relaxed.
The Samsung Galaxy is a phone of it's own with less popularity than the iphone but has a compact and blockbuster content filled with energy, that's the DC,
Not too many talking points but the actions and the darkest parts, twisted storylines that makes it one in a million.
So go to sleep haters",NON_HATE,0.9404770135879517
vS3_72Gb-bI,UgxYVkEqiAegcWhA30F4AaABAg,2023-06-23T00:19:07Z,2023-06-23T00:19:25Z,0,This Movie looks cheap compared to Iron man 1,NON_HATE,0.973806619644165
vS3_72Gb-bI,Ugx7T71mZxElEFwPWmp4AaABAg,2023-06-22T20:13:53Z,2023-06-22T20:13:53Z,0,DC ironman 😂,NON_HATE,0.9608392715454102
vS3_72Gb-bI,Ugyuxwefa5OAOtXWxS14AaABAg,2023-06-22T19:31:26Z,2023-06-22T19:31:26Z,0,Just loads of CG 😢,NON_HATE,0.960748553276062
vS3_72Gb-bI,UgypJpYuXAybNKPZNRx4AaABAg,2023-06-22T19:25:39Z,2023-06-22T19:25:39Z,0,"People who don’t watch Cobra Kai: Ah ok :)
People who do watch Cobra Kai: YESSSS, IT’S HIM :D",NON_HATE,0.9206030964851379
vS3_72Gb-bI,UgyXidzG1FNHfYCWtgp4AaABAg,2023-06-22T19:16:35Z,2023-06-22T19:16:35Z,1,Lost like garbage tbh,NON_HATE,0.9688394069671631
vS3_72Gb-bI,Ugzrrw61dn7QV6nR9_94AaABAg,2023-06-22T19:04:39Z,2023-06-22T19:04:39Z,5,"Terrible and cringey soundtrack choice for this trailer, stupid “Batman is a fascist!” joke, wonky looking composition, not using the original VA for the suit’s consciousness… At least the suit LOOKS good.",NON_HATE,0.8320642709732056
vS3_72Gb-bI,Ugz61d2WoYXyntPXw354AaABAg,2023-06-22T18:37:23Z,2023-06-22T18:37:23Z,0,DC rasa Marvel,NON_HATE,0.9529167413711548
vS3_72Gb-bI,Ugx8QPwq2ulO1n6veBF4AaABAg,2023-06-22T16:08:26Z,2023-06-22T16:08:26Z,0,Mixture of iron man and stone from avanger,NON_HATE,0.970560610294342
vS3_72Gb-bI,Ugym-oM3A20ZVOJ2pSV4AaABAg,2023-06-22T15:51:18Z,2023-06-22T15:51:18Z,0,"Well the trailer sucks
Hoping the movie is better",NON_HATE,0.9636273980140686
vS3_72Gb-bI,Ugz0vVBCYsIFIrySRPF4AaABAg,2023-06-22T15:12:19Z,2023-06-22T15:12:19Z,0,When the movie is going to be released and also a comic version,NON_HATE,0.9709590077400208
vS3_72Gb-bI,UgwGU3rkBDvApPiK1-94AaABAg,2023-06-22T14:44:20Z,2023-06-22T14:44:20Z,0,Is this dc answers to marvel ironman? So cool...😊,NON_HATE,0.9586939215660095
vS3_72Gb-bI,UgxjM5ZDlaD70oUz6G14AaABAg,2023-06-22T14:33:44Z,2023-06-22T14:33:44Z,1,"Wait a freaking minute. Guys, if you read the comments hard enough, you will notice that all comments are generated from AI. This is false marketing and even fake likes. I dont mind watching the movie but to be honest, look at all their names with numbers at the back, fake generated usernames. It scares me that we live in a time like this.",NON_HATE,0.9344300031661987
vS3_72Gb-bI,Ugz7i4P_x0R4eX7LAeZ4AaABAg,2023-06-22T13:47:11Z,2023-06-22T13:47:11Z,0,"I don't like how we're jumping from Dan Garrett, Ted Kord to Jamie Reyes. There are either skipping decades of the Franchises Mythos or are planning to reveal them in sequels that may never happen.",NON_HATE,0.9417989253997803
vS3_72Gb-bI,UgzekkufGjz7wPUBmV94AaABAg,2023-06-22T13:43:58Z,2023-06-22T13:43:58Z,0,Kobra Kai fans are what could save this movie at the box office.,NON_HATE,0.9744791388511658
vS3_72Gb-bI,UgyGFcTDhlyfFjcSM2d4AaABAg,2023-06-22T13:40:32Z,2023-06-22T13:40:32Z,0,I downvoted because of the Batman comment. And I' not sure if this kids movie is a continuation of the Spy Kids saga or the Sharkboy & Lavagirl universe?! 🤔,NON_HATE,0.9527044296264648
vS3_72Gb-bI,Ugzhrf3woecT2WeMl-14AaABAg,2023-06-22T13:02:51Z,2023-06-22T13:02:51Z,0,Iron man copy😂😂,NON_HATE,0.9692178964614868
vS3_72Gb-bI,UgyLlWG3Hd5UmHjoLNB4AaABAg,2023-06-22T12:58:39Z,2023-06-22T12:58:39Z,1,Why are the new dc movies so fluffy and vibrant? The DC I know were dark and gritty,NON_HATE,0.9597058296203613
vS3_72Gb-bI,Ugx5NhmIXMZCtnnqIH14AaABAg,2023-06-22T12:34:37Z,2023-06-22T12:34:37Z,0,Blue iron man be like :it’s about family,NON_HATE,0.9586911797523499
vS3_72Gb-bI,UgyDQKPqLuZEmengpi54AaABAg,2023-06-22T12:00:50Z,2023-06-22T12:00:50Z,0,Love xolo as Miguel Diaz,NON_HATE,0.9591817855834961
vS3_72Gb-bI,UgyuGWqALdCDUQr_Fg94AaABAg,2023-06-22T11:55:53Z,2023-06-22T11:55:53Z,1,"Hey, the hero is our Miguel from cobra kai",NON_HATE,0.9670644402503967
vS3_72Gb-bI,UgxgmHPLpHY_5daIRrZ4AaABAg,2023-06-22T10:24:27Z,2023-06-22T10:24:27Z,0,I love it when he says its beetle time before he beats that guy up.,NON_HATE,0.9747631549835205
vS3_72Gb-bI,Ugyf2FO146GgXa7vqFt4AaABAg,2023-06-22T08:23:50Z,2023-06-22T08:23:50Z,1,What 😂 ist miguel 😅,NON_HATE,0.9533083438873291
vS3_72Gb-bI,Ugy3XZfhAKuEzjwKNTl4AaABAg,2023-06-22T07:57:35Z,2023-06-22T07:57:35Z,1,batmans a fascist because hes white and rich haha. White people are horrible get it?,NON_HATE,0.8858672976493835
vS3_72Gb-bI,UgwU914m7Ms-3tlO5wl4AaABAg,2023-06-22T06:27:35Z,2023-06-22T06:27:35Z,1,i love how xolo is doing blue beetle and cobra kai season 6 at the same time ❤,NON_HATE,0.9688820838928223
vS3_72Gb-bI,UgyBR-9NQqNQER9Aiml4AaABAg,2023-06-22T06:17:54Z,2023-06-22T06:17:54Z,0,i really needed to go to the bathroom but i saw this trailer was out and i couldnt wait to watch it! i was doing my best to hold it in but the scene @ 2:20 got me so excited i released just a little bit. anyway gotta clean up!,NON_HATE,0.9670525193214417
vS3_72Gb-bI,UgzhN72XcYpbWBA7AdN4AaABAg,2023-06-22T05:21:52Z,2023-06-22T05:21:52Z,0,iron man gonna be silent for a while,NON_HATE,0.9740641117095947
vS3_72Gb-bI,Ugx4DmZKGZvIk8l1aTJ4AaABAg,2023-06-22T05:01:33Z,2023-06-22T05:01:33Z,3,looks like one of the movies of all time,NON_HATE,0.97334223985672
vS3_72Gb-bI,Ugzys8HMSxYwqpCVtFl4AaABAg,2023-06-22T04:47:00Z,2023-06-22T04:47:00Z,0,"I really dig the suit design, I think this movie will be fun",NON_HATE,0.9658797979354858
vS3_72Gb-bI,UgxAqlb45V_vLJ4Tzld4AaABAg,2023-06-22T04:43:19Z,2023-06-22T04:43:19Z,1,Is that the dude from cobra Kai? Never thought about it but that is actually a very solid casting decision,NON_HATE,0.9672544598579407
vS3_72Gb-bI,Ugy64Mlmtyvm8V7tn3l4AaABAg,2023-06-22T02:34:14Z,2023-06-22T02:34:14Z,0,Looks fire,NON_HATE,0.9738413691520691
vS3_72Gb-bI,UgznRQQP5ymgykIz7pJ4AaABAg,2023-06-22T02:26:11Z,2023-06-22T02:26:11Z,0,"My only experience with Blue Beetle is in Young Justice. Which is more comic accurate,  the scareb being more adversarial like tue tv show or this more robotic version?",NON_HATE,0.9571829438209534
vS3_72Gb-bI,UgwzmHwLLQoxBCHu2wJ4AaABAg,2023-06-22T02:23:18Z,2023-06-22T02:23:18Z,1,Nice Blue Iron-Spider.,NON_HATE,0.9771839380264282
vS3_72Gb-bI,UgzR52RUsMTwPEkAI3l4AaABAg,2023-06-22T02:15:12Z,2023-06-22T02:15:12Z,0,Hats off love it wanna see itm,NON_HATE,0.971916139125824
vS3_72Gb-bI,UgwtQruCVH7mPOLBdQh4AaABAg,2023-06-22T01:59:38Z,2023-06-22T01:59:38Z,0,Looks like it'll definitely one-up Shazam! in comedy and maybe Wonder Woman for action.,NON_HATE,0.9624661803245544
vS3_72Gb-bI,UgzSI0yYYQS-o5YmIIJ4AaABAg,2023-06-22T01:08:52Z,2023-06-22T01:08:52Z,0,Blue Bean- oops sorry i mean Blue Bettle looks pretty good.,NON_HATE,0.970649778842926
vS3_72Gb-bI,UgwlnGRrmidW81-y2w14AaABAg,2023-06-22T00:38:13Z,2023-06-22T00:38:13Z,1,"Was going to watch with my kids until I seen George Lopez was in this movie, now I know what movie that my children will not be watching.  G.L. is a POS",NON_HATE,0.8758882880210876
vS3_72Gb-bI,UgwKXxwOol68pmlHHvt4AaABAg,2023-06-22T00:31:44Z,2023-06-22T00:31:44Z,0,This might save DC,NON_HATE,0.9507690668106079
vS3_72Gb-bI,UgwPfTH41YAMfXa15VJ4AaABAg,2023-06-21T22:51:31Z,2023-06-21T22:51:31Z,0,This is gonna be awesome and that kid is too,NON_HATE,0.9754073023796082
vS3_72Gb-bI,UgwDrvivJaIxWeoVtPZ4AaABAg,2023-06-21T20:34:39Z,2023-06-21T20:34:39Z,0,"I love Jaime so much, but the tiny teases for Ted Kord make me giddy.",NON_HATE,0.9711976647377014
vS3_72Gb-bI,UgxHhcwmmbZ3vlUrk814AaABAg,2023-06-21T20:08:09Z,2023-06-21T20:08:09Z,0,Man this literally looks like iron man,NON_HATE,0.9663013815879822
vS3_72Gb-bI,UgwUJJOqFMStB8kQj_N4AaABAg,2023-06-21T19:20:25Z,2023-06-21T19:20:25Z,0,Miguel after beating the entire franchise of Cobra Kai,NON_HATE,0.9601953029632568
vS3_72Gb-bI,Ugx2e2wOCMErpZTyPhx4AaABAg,2023-06-21T18:48:17Z,2023-06-21T18:48:17Z,0,Finally a spiderman rival movie,NON_HATE,0.9666011929512024
vS3_72Gb-bI,Ugy7YX0gzwdfTO1d8dp4AaABAg,2023-06-21T18:33:27Z,2023-06-21T18:33:27Z,0,This is going to flop hard 😂🤣😂🤣😂😂🤣🤣🤣🤣🤣🤣🤣😂🤣🤣,NON_HATE,0.9708254933357239
vS3_72Gb-bI,UgyLtGN7vn4IAr-X6Pp4AaABAg,2023-06-21T18:09:29Z,2023-06-21T18:09:29Z,0,LETS GO MIGUEL,NON_HATE,0.9474619030952454
vS3_72Gb-bI,UgzaB3r_qIaK42AtRP14AaABAg,2023-06-21T17:20:25Z,2023-06-21T17:20:25Z,3,"This does look good but the Batman is a fascist comment at the end is concerning me that it will be woke trash. A ""The suit will be perfect when it fits a woman"" moment in the horrible batwoman series. As usual I will wait for critical drinker to review it before I go.",NON_HATE,0.9017736911773682
vS3_72Gb-bI,Ugzi__fzYjwUvdU5b-h4AaABAg,2023-06-21T17:10:43Z,2023-06-21T17:10:43Z,0,Let’s go Miguel!! 😅 🐍,NON_HATE,0.8383492231369019
vS3_72Gb-bI,UgyyQw7wv_cNy-3qnpx4AaABAg,2023-06-21T17:08:17Z,2023-06-21T17:08:17Z,0,I love how its a latin cast. Lets go Xolo,NON_HATE,0.944330096244812
vS3_72Gb-bI,UgxEel3J5ziPpakAmhN4AaABAg,2023-06-21T16:52:09Z,2023-06-21T16:52:09Z,0,Now this is what we call a trailer,NON_HATE,0.9636604189872742
vS3_72Gb-bI,Ugwb2cyLXUnpZa7jb2B4AaABAg,2023-06-21T16:47:15Z,2023-06-21T16:47:15Z,0,"That batman comment hit me out of left field, dafuq? XD",NON_HATE,0.9511797428131104
