Video ID,Comment ID,Published At,Updated At,Likes,Comment Text
7SlILk2WMTI,UgyJlZx-ddFDNRroEeZ4AaABAg,2023-06-22T19:12:16Z,2023-06-22T19:12:16Z,0,the best Marvel movie.
7SlILk2WMTI,UgxPqSEWX_Seet2CPWB4AaABAg,2023-06-22T17:56:03Z,2023-06-22T17:56:03Z,0,Everything the russo bros did in marvel was outstanding. But now they forgot how to make movies and are make movies like Gray man.
7SlILk2WMTI,UgwiQUo1RSYRu2UCg6Z4AaABAg,2023-06-21T22:40:55Z,2023-06-21T22:40:55Z,0,"This movie was the best MCU movie for almost 10 years before Gaurdians 3 just became my favorite. It was a great run, and hope marvel makes another film like this one again"
7SlILk2WMTI,UgwZn1fb5oT2a5JanyJ4AaABAg,2023-06-21T03:15:52Z,2023-06-21T03:15:52Z,1,Cap and GOG have the best trilogies in the MCU. Spiderman is a close 2nd
7SlILk2WMTI,Ugw0H-MpjO-GpEpLTRJ4AaABAg,2023-06-14T19:27:28Z,2023-06-14T19:27:28Z,0,It's been like 5 years since i watched this movie for the first time but it feels like it was yesterday
7SlILk2WMTI,UgwFla4qEnC7f-tKdS54AaABAg,2023-06-08T17:36:26Z,2023-06-08T17:36:26Z,1,"Captain America franchise have best trilogy, i think"
7SlILk2WMTI,Ugz5bMSWvJ9_H5SUiRF4AaABAg,2023-06-06T10:51:06Z,2023-06-06T10:51:06Z,1,Since captain amarica is my favorite marvel hero this is my favorite mcu flim
7SlILk2WMTI,UgywWdqJH4zHeR_G9tx4AaABAg,2023-06-02T18:39:46Z,2023-06-02T18:39:46Z,1,It’s kinda crazy how everyone thought cap was super lame until this movie lol
7SlILk2WMTI,UgyQkugkagCDbKLUIeV4AaABAg,2023-05-29T20:21:36Z,2023-05-29T20:21:36Z,1,Wanna say this was the last marvel movie where the trailer was just like. Yeah. Gonna see this. And also this is badass. Superhero movies are terrible. Marvel can't make a good movie to save their lives
7SlILk2WMTI,Ugy24OXYskJFlTWNA2h4AaABAg,2023-05-24T17:53:19Z,2023-05-24T17:53:19Z,0,P
7SlILk2WMTI,Ugxa4jJvjKdensRM2mN4AaABAg,2023-05-22T21:15:11Z,2023-05-22T21:15:11Z,1,"""Winter soldier"" told everyone false flags and deep state organizations exist."
7SlILk2WMTI,UgzIdVi1zEFsXvBd27x4AaABAg,2023-05-19T09:45:31Z,2023-05-19T09:45:31Z,4,We had it so good. Marvel doesn’t do it like this anymore.
7SlILk2WMTI,Ugxl7ABWKgpOwXUnS794AaABAg,2023-05-18T09:46:06Z,2023-05-18T09:46:06Z,1,Spider - Man 4 with Tom Holland needs to be on this level of tone and darkness
7SlILk2WMTI,UgwJ7monzRM9lFKVTPV4AaABAg,2023-05-18T07:48:03Z,2023-05-18T07:48:03Z,2,The fact that this movie gives me goosebumps every freaking time I watch it is unexplainable
7SlILk2WMTI,Ugxe8fwNfk6vUoef2AB4AaABAg,2023-05-16T01:25:50Z,2023-05-16T01:25:50Z,3,Top 3 MCU films
7SlILk2WMTI,UgzgIWl12n4FDcxiwTN4AaABAg,2023-05-06T22:41:05Z,2023-05-06T22:41:05Z,0,"I think this is still the best MCU movie, one of the main reasons being there’s not 50 different characters in it. This means there’s more room for things like character development, and a more linear plot. On top of that, you got these kickass amazingly choreographed fights, a fantastic villain, and it has less of that dumb MCU humor (it’s fine from time to time, but sometimes, they just go too far with the humor)."
7SlILk2WMTI,UgwnOGck_fsUrGnmPj54AaABAg,2023-04-24T22:52:17Z,2023-04-24T22:52:17Z,9,When Marvel was good.
7SlILk2WMTI,UgzzFjWsB1hDkzEO-Sl4AaABAg,2023-04-21T04:59:41Z,2023-04-21T04:59:41Z,0,Captain amerika😍😍😍
7SlILk2WMTI,UgyOayG6v5a0knjCTlN4AaABAg,2023-04-18T16:56:43Z,2023-04-18T16:56:43Z,3,Legends are watching in 2023😂😂
7SlILk2WMTI,UgykLWXJkY9CPJOGjG94AaABAg,2023-04-18T15:08:06Z,2023-04-18T15:08:06Z,0,"i hadn't really watched phase 1 and 2 until i binge watched the entire mcu show (abc and netflix included) in chronological order, which make my first experience of watching this movie was so much better bcs i got to see the more detail looks on how deep hydra had actually infiltrated shield and the impact of this event on shield's future. easily the best mcu movie this far."
7SlILk2WMTI,UgzLRYMJ4Txx5yhO-254AaABAg,2023-04-18T12:16:39Z,2023-04-18T12:16:39Z,2,Why is this in my recommended in 2023? 😂
7SlILk2WMTI,UgxeSFJrmTDr-ShAIbx4AaABAg,2023-04-17T05:22:48Z,2023-04-17T05:22:48Z,1,I like how this movie was really good but the trailer shows you every goddamn scene
7SlILk2WMTI,Ugxj5SbGY7zgaANoxJB4AaABAg,2023-04-16T12:59:54Z,2023-04-16T12:59:54Z,0,This movie fkn slaps
7SlILk2WMTI,UgxxcsS1BOxwwwg1dFN4AaABAg,2023-04-15T09:04:16Z,2023-04-15T09:04:16Z,7,"After 9 years, this trailer still gives me chills 😍"
7SlILk2WMTI,Ugyg-QolTg9yEmhRxc14AaABAg,2023-04-14T07:26:50Z,2023-04-14T07:26:50Z,0,No matter whatever said and done Chris Evans acting is extraordinary in his Captain America form
7SlILk2WMTI,UgwDze0jOWWlOw-eQe14AaABAg,2023-04-13T12:47:29Z,2023-04-13T12:47:29Z,5,This was the peak of the MCU. I just watched horrendous The Marvels trailer and now I am sad and disappointed due to what we have lost.
7SlILk2WMTI,Ugx83jAKsuiXl2U3Pg94AaABAg,2023-04-11T14:59:06Z,2023-04-11T14:59:06Z,5,"year 2023, after the marvels trailer was released: 
i miss old times"
7SlILk2WMTI,UgySMycuTjyZLgWsh6p4AaABAg,2023-04-09T10:54:19Z,2023-04-09T10:54:19Z,3,"The best MCU movie of all time! When the MCU was at its peak😭😭 oh me oh my!!!!!!!!!!!!! The best fights, fury in his prime everything was just peak!!!"
7SlILk2WMTI,UgzrRyJDh09r34DxfMd4AaABAg,2023-04-07T09:22:47Z,2023-04-07T09:23:05Z,3,Don't know how Marvel is the one to make this masterpiece and she hulk
7SlILk2WMTI,UgwPojhB12TkBzp96H94AaABAg,2023-04-06T13:03:50Z,2023-04-06T13:03:50Z,0,Best MCU movie
7SlILk2WMTI,UgwvcnF8DHSyLEQzbLp4AaABAg,2023-04-04T17:41:29Z,2023-04-04T17:41:29Z,3,who's here after the secret invasion trailer
7SlILk2WMTI,UgyQivdpC2QsMP_0RRd4AaABAg,2023-04-03T17:44:34Z,2023-04-03T17:44:34Z,0,They were planning on having this sense of mystery for Black Widow's movie as well via Task Master.
7SlILk2WMTI,UgxjKkOUrSKS5Zd6_wF4AaABAg,2023-04-03T11:32:05Z,2023-04-03T11:32:05Z,0,Surprisingly the most underrated Movie
7SlILk2WMTI,UgwR0xjb8aieg4pQ8GN4AaABAg,2023-04-02T17:57:52Z,2023-04-02T17:57:52Z,3,I know many people wont agree with me but this is the best mcu movies ever even better than endgame & IW
7SlILk2WMTI,Ugw-l1JB63zxH86aHYx4AaABAg,2023-03-29T16:57:10Z,2023-03-29T16:57:10Z,2,When Marvel was great !
7SlILk2WMTI,UgySAVyoST6lD5TUMmd4AaABAg,2023-03-27T03:24:43Z,2023-03-27T03:24:43Z,1,Opening To Captain America: The Winter Soldier 2014 DVD
7SlILk2WMTI,UgyOLKNob0NgpITqadp4AaABAg,2023-03-26T19:48:55Z,2023-03-26T19:48:55Z,1,Best MCU movie without a doubt
7SlILk2WMTI,Ugw_LKjEfLX4D_XHch54AaABAg,2023-03-24T00:11:53Z,2023-03-24T00:11:53Z,0,Best solo movie maybe but best MCU movie is reaching
7SlILk2WMTI,UgzKUA-ungjLlBeaAU14AaABAg,2023-03-21T11:24:25Z,2023-03-21T11:24:25Z,1,Literally the best movie in the MCU by far 🔥
7SlILk2WMTI,UgxEuMxoOS3mocgTetZ4AaABAg,2023-03-11T15:07:06Z,2023-03-11T15:07:06Z,0,"This one really establishes SHIELD as the world's worst intelligence agency, something that was reinforced by the Agents of Shield series. How incompetent do you have to be to end up with fully half of your staff working for the other side? Shield can't put together a breakfast without at least three betrayals. At the same time, they're building weapons of mass destruction without even knowing that the entire plan is to steal them and terrorize the world. Certainly the most useful thing SHIELD can do for world security is to dissolve itself."
7SlILk2WMTI,UgyVAXXmSTM8sfoF3Wt4AaABAg,2023-03-11T06:04:23Z,2023-03-11T06:04:23Z,0,"Please donate to this bitcoin address 

15r5dHfz8ioV8QVEWQZfmTAiyUtJJKLtGT 

Thank you"
7SlILk2WMTI,UgwsiAhLXGI7wM9i2LF4AaABAg,2023-03-06T17:10:50Z,2023-03-06T17:12:55Z,3,This film is like The Empire Strikes Back of Marvel.
7SlILk2WMTI,UgzugnkFAuf-o6BFobd4AaABAg,2023-03-05T17:19:21Z,2023-03-05T17:19:21Z,0,Perfect Action Movie
7SlILk2WMTI,Ugw-XZY8ihaKMcyEBmB4AaABAg,2023-03-02T17:51:54Z,2023-03-02T17:51:54Z,0,"I Believe In You Captain America!

You WIN!

🇺🇸🇺🇸🇺🇸🇺🇸🇺🇸"
7SlILk2WMTI,UgzwNAmQ46GnsS4QZPZ4AaABAg,2023-02-28T19:42:58Z,2023-02-28T19:42:58Z,0,Goofy ahh trailer
7SlILk2WMTI,UgxJlfQVLABFh9rWYcN4AaABAg,2023-02-28T10:27:31Z,2023-02-28T10:27:31Z,5,"I don't understand why Marvel can't make a f****** Good and EPIC movie like this anymore. They just released She-hulk, Thor love and thunder, Ms.Marvel, etc. 

WHY!!!!!"
7SlILk2WMTI,UgzurfruJCR78CguXXd4AaABAg,2023-02-25T15:29:27Z,2023-02-25T15:29:27Z,1,This Movie 💥
7SlILk2WMTI,UgzJ0SOf5CVkNMispxp4AaABAg,2023-02-24T20:12:15Z,2023-02-24T20:12:15Z,1,9 years later...
7SlILk2WMTI,UgxU9omd15-KIfVEbk94AaABAg,2023-02-24T11:54:04Z,2023-02-24T11:54:44Z,0,"Remember kids, you will never see a Marvel movie with this caliber of epicness, writing, character development and utter awesomeness ever again. The ratcorp has betrayed its´fans and killed the franchise. It was fun while it lasted."
7SlILk2WMTI,Ugwgd7r6cXEZt3QEljp4AaABAg,2023-02-22T17:20:38Z,2023-02-22T17:20:38Z,0,Grey Dodge
7SlILk2WMTI,UgyeXRX84TRE2EX7pGV4AaABAg,2023-02-18T05:39:39Z,2023-02-18T05:39:55Z,0,"That so cool, I miss MCU like this 🔥🔥🔥"
7SlILk2WMTI,UgyhAQG6MjqszISeokJ4AaABAg,2023-02-14T22:52:22Z,2023-02-14T22:52:22Z,0,2:17 So simple 🤣
7SlILk2WMTI,Ugx6_4R8zOjwDB3p4UN4AaABAg,2023-02-14T22:51:01Z,2023-02-14T22:51:01Z,0,Till date it's my all time favorite Marvel movies by far 🙌🏻
7SlILk2WMTI,UgweYnnzLxFjhgD-j6V4AaABAg,2023-01-29T03:59:21Z,2023-01-29T03:59:21Z,1,Captain america 2 2014
7SlILk2WMTI,UgzmQnn7RYv7SIAgxU54AaABAg,2023-01-25T10:41:02Z,2023-01-25T10:41:02Z,0,Fun fact captain America failed to beat iron Man
7SlILk2WMTI,UgxKLkFTruwG1O4A2VJ4AaABAg,2023-01-23T04:28:08Z,2023-01-23T04:28:08Z,1,Esse filme e demais
7SlILk2WMTI,UgwE1aG5SbBFqdX5W-N4AaABAg,2023-01-21T06:12:10Z,2023-01-21T06:12:10Z,4,"STILL one of the best, if not THE best, Marvel movies...ever... 😎"
7SlILk2WMTI,UgySFm3BQ2Sg7ehCvCZ4AaABAg,2023-01-13T08:36:55Z,2023-01-13T08:36:55Z,1,"as a hero, Cap may not be my favourite, but this movie is just next fking level, i love it."
7SlILk2WMTI,UgzbSm7IS5oPs8qL21F4AaABAg,2023-01-11T16:52:04Z,2023-01-11T16:52:04Z,4,Best Trailer Music from Marvel
7SlILk2WMTI,Ugz8N94_xkj5Ggo3dY54AaABAg,2023-01-06T18:36:45Z,2023-01-06T18:36:45Z,4,My wife says this is their best so far. I think I agree. ❤
7SlILk2WMTI,UgyTlXWg5S33EABUS0B4AaABAg,2023-01-04T03:23:27Z,2023-01-04T03:23:27Z,2,hard to believe this movie and Thor love and thunder are in the same universe
7SlILk2WMTI,UgxURZXwXo3EVLoc2a14AaABAg,2023-01-01T09:21:45Z,2023-01-01T09:21:45Z,77,8 years later and this movie is still legendary
7SlILk2WMTI,UgwdlgJ40X47MqdoPFt4AaABAg,2022-12-28T19:55:35Z,2022-12-28T19:55:35Z,3,Incredible!  Absolutely incredible!
7SlILk2WMTI,Ugzt-nWw8p2a-p7WVTV4AaABAg,2022-12-22T14:32:24Z,2022-12-22T14:32:24Z,5,Oh how the MCU has fallen 🥲
7SlILk2WMTI,UgwY0MKxavyJDNujhzF4AaABAg,2022-12-22T01:55:28Z,2022-12-22T01:55:28Z,0,Captain in winter tights. Funny! Admiral will beat a Captain at everything..
7SlILk2WMTI,UgykQb6hlC821PzZKe54AaABAg,2022-12-14T13:24:11Z,2022-12-14T13:24:11Z,0,I must say villain of this movie iss a baddas and cool..... winter soldier
7SlILk2WMTI,Ugyf2JktpMwMw-Dotxt4AaABAg,2022-12-11T17:52:15Z,2022-12-11T17:52:15Z,4,Music is amazing!
7SlILk2WMTI,UgwwvVZ8HewcenG-lfB4AaABAg,2022-12-04T17:18:13Z,2022-12-04T17:18:13Z,0,Kichke
7SlILk2WMTI,UgwAE5YB-5CNi8TVJ514AaABAg,2022-11-29T02:04:39Z,2022-11-29T02:04:39Z,3,"Marvel wasted an awesome opportunity not making more movies of this caliber, Captain America and Winter Soldier type movies would've give MCU that ability to never go stagnet."
7SlILk2WMTI,Ugzb222evXSpkt6-ZQJ4AaABAg,2022-11-29T02:01:21Z,2022-11-29T02:01:21Z,4,When the MCU was cool.
7SlILk2WMTI,UgysVxbGNZKPIKdFwT94AaABAg,2022-11-28T10:31:35Z,2022-11-28T10:31:35Z,2,Awesome movie
7SlILk2WMTI,UgxAr2d7ofNA69UnGzJ4AaABAg,2022-11-27T06:38:01Z,2022-11-27T06:38:01Z,2,The best trailer of MCU
7SlILk2WMTI,UgzLArlo4JgA3JiCiLt4AaABAg,2022-11-19T19:26:53Z,2022-11-19T19:26:53Z,1,Can’t believe this movie came out 8 years ago
7SlILk2WMTI,Ugx5JtEXtRHN42kElpN4AaABAg,2022-11-19T17:14:35Z,2022-11-19T17:14:35Z,3,the best mcu movie
7SlILk2WMTI,UgzbxvDVqi0tHgSAQIV4AaABAg,2022-11-17T18:13:40Z,2022-11-17T18:13:40Z,1,"That was our Marvel. 
Not like these days jokes."
7SlILk2WMTI,UgxqR2RBO9anE7x1ahd4AaABAg,2022-11-14T03:20:21Z,2022-11-14T03:20:21Z,4,"This movie has the best stunt work ,till date they cannot elevate the winter soldier character more than they did in this, MCU  wasting a character with potential"
7SlILk2WMTI,UgyCmwdj_S8btbU63e14AaABAg,2022-11-08T18:38:56Z,2022-11-08T18:38:56Z,3,Most underrated MCU movie!!
7SlILk2WMTI,Ugzp2pFCZmWd3gc-MNR4AaABAg,2022-11-08T06:37:38Z,2022-11-08T06:37:38Z,4,"Masterpiece,easily destroy all DCU and DCEU.DC fan girl coming to cry"
7SlILk2WMTI,Ugz5OMk3UxabJGvMjkF4AaABAg,2022-11-03T16:51:23Z,2022-11-03T16:51:23Z,2,My all time favourite trilogy of MCU
7SlILk2WMTI,Ugwt3RPCgmXAFoDuiNt4AaABAg,2022-11-02T06:29:00Z,2022-11-02T06:29:00Z,5,The best MCU movie till date.. Don't argue.
7SlILk2WMTI,UgwrgeN_eCP6S4okqBV4AaABAg,2022-10-26T16:22:05Z,2022-10-26T16:22:05Z,1,Quantmania tho
7SlILk2WMTI,UgwWe6xjVYnuteRwlrZ4AaABAg,2022-10-26T12:57:24Z,2022-10-26T12:57:24Z,4,best MCU movie!!!
7SlILk2WMTI,UgzyTl9DHQAa-qsHpNp4AaABAg,2022-10-23T11:00:11Z,2022-10-23T11:02:04Z,1,"""The world cannot SEE an HONEST MAN suSEED "" SAeeD PAKSAKCAP10"
7SlILk2WMTI,UgxsdI8buZORktLH8r94AaABAg,2022-10-21T19:41:16Z,2022-10-21T19:41:16Z,0,Ahhhh This movie 🔥🔥
7SlILk2WMTI,UgxQBbLjrkGgE1OJNfF4AaABAg,2022-10-20T14:23:20Z,2022-10-20T14:23:20Z,1,Best marvel movie IMO!
7SlILk2WMTI,UgzoCFfU48jUGtOg-Z54AaABAg,2022-10-16T04:44:51Z,2022-10-16T04:44:51Z,1,"I remember I watched this movie without even seeing the trailer and it was just mind blowing to me
The best marvel movie ever"
7SlILk2WMTI,UgzI946bEhu11fEX_OJ4AaABAg,2022-10-14T09:53:39Z,2022-10-14T09:53:39Z,2,This is one of the greatest movies ever I don’t care what anyone says
7SlILk2WMTI,UgzpsvHjfB5cLaIxylx4AaABAg,2022-10-13T16:43:02Z,2022-10-13T16:43:02Z,2,great film
7SlILk2WMTI,UgxFpI8Cru_w_mCKE9p4AaABAg,2022-10-12T10:07:59Z,2022-10-12T10:10:14Z,1,There were great Marvel movies like this and now we get movies where every hero is comedic relief. I swear every single word but Drax’s first line were silly jokes.
7SlILk2WMTI,UgyRkfZYp6w-isEepl94AaABAg,2022-10-08T06:53:42Z,2022-10-08T06:53:42Z,7,"2014 was the last great year we truly had for movies.  Captain America: The Winter Soldier, Guardians of the Galaxy, X-Men: Days of Future Past, Dawn of the Planet of the Apes, The Lego Movie, and John Wick.  I can’t remember a year since that had such heavy hitters all in one single year."
7SlILk2WMTI,UgzM5DIBn0oEzF0zcxN4AaABAg,2022-10-06T06:22:10Z,2022-10-06T06:22:28Z,6,"""He's fast, he's strong.""
*Meanwhile in infinity war* : He uses a gun."
7SlILk2WMTI,UgymzMrw0a0Ra7DIwf14AaABAg,2022-10-02T06:29:05Z,2022-10-02T06:29:05Z,2,"I miss those days when Marvel doesn't used too much CGI like in that time Spider-Man 's Suit was real not CGI  , fighting scenes were more realistic coz they didn't used too much CGI at that time and in TDK Nolan literally destroyed an hospital with a bomb to make that interesting but now Spider-Man 's Suit is CGI , fighting scenes are CGI , Black Bolt 's Suit is CGI and etc things and in Winter Soldier the only thing which had too much CGI was that helicarrier nothing else ."
7SlILk2WMTI,UgwGvebIFgFS5E5oLF14AaABAg,2022-10-01T20:41:00Z,2022-10-01T20:41:00Z,2,anyone else over here just rewatching all the old mcu trailers because they miss the infinity saga
7SlILk2WMTI,UgyYfygcP16JaHY9ozF4AaABAg,2022-09-28T02:20:44Z,2022-09-28T02:20:44Z,2,on ur left
7SlILk2WMTI,UgwdnxZKm1slhKsaEeN4AaABAg,2022-09-27T18:35:28Z,2022-09-27T18:35:28Z,1,Always my favorite 😍
7SlILk2WMTI,UgxPY1yzMXzeNnazheF4AaABAg,2022-09-25T03:10:54Z,2022-09-25T03:10:54Z,4,"love how the last line of the trailer is “how do we tell the good guys from the bad guys?” “if they’re shooting at you, they’re bad.” 

and then the whole twist of the movie is that the main Bad Guy Who’s Shooting At Them isn’t actually a bad guy at all."
7SlILk2WMTI,UgwBdI6sO9STBNZCHi14AaABAg,2022-09-24T16:17:25Z,2022-09-24T16:17:25Z,1,My biggest regret is not watching this film on theaters. Easily a top 5 marvel film if not number 1.
7SlILk2WMTI,UgyMu8YJCP9EPEm8C714AaABAg,2022-09-23T23:37:17Z,2022-09-23T23:39:20Z,5,i think this is best MCU marvel ever made!
7SlILk2WMTI,UgzaLcbGZ2pa6ezgOQJ4AaABAg,2022-09-21T20:27:43Z,2022-09-21T20:27:43Z,33,"Sebastian Stan really nailed winter soldier
He was meant for this role
I have to say this movie has one of the best plot‚ action
And specially feel in love with this movie because of Sebastian Stan ( the way he played Winter Soldier)
I really love Winter Soldier"
7SlILk2WMTI,Ugz1mrfbkQoMEx0B1eF4AaABAg,2022-09-21T20:22:25Z,2022-09-21T20:22:25Z,3,Ohh I love captain America the winter soldier movie so much.. it's one of my most favorite movie of MCU.. I am crying rn 😭... I strongly wish that I could watch this movie again forgetting the story of the movie..I really miss that winter soldier era.. MCU please bring old days.. we badly miss those days 😭♥️♥️
7SlILk2WMTI,UgwpixfEbE_y9r5zpP14AaABAg,2022-09-21T09:39:28Z,2022-09-21T09:39:28Z,5,How did we go from this to She Hulk Twerking???
7SlILk2WMTI,UgwWBWLQekTq1QXTdI54AaABAg,2022-09-20T01:40:10Z,2022-09-20T01:40:10Z,1,Winter soldier looks dope as hell. I wonder why marvel degraded bucky
7SlILk2WMTI,UgyABCFYLout--80Dz14AaABAg,2022-09-20T01:08:27Z,2022-09-20T01:08:27Z,1,👍👍
7SlILk2WMTI,UgwTvfd-CxJzCFNsKk54AaABAg,2022-09-12T13:17:23Z,2022-09-12T13:17:23Z,2,Which part should i watch after this?
7SlILk2WMTI,Ugwce5x_xmp8hse638p4AaABAg,2022-09-12T02:59:53Z,2022-09-12T02:59:53Z,3,"I watched some marvel movies for the jokes and when I was watching this one I was like ""so...where is the clownery?"", I had to pause and start it again to actually pay attention and its one of the best MCU movies Ive ever seen."
7SlILk2WMTI,UgzTNiuGXTwJ20MMyBd4AaABAg,2022-09-11T22:40:59Z,2022-09-11T22:40:59Z,1,Out of all the marvel movies this one takes the cakes straight thrill ride from start to finish
7SlILk2WMTI,UgyJXkET2zhKhvUt5L14AaABAg,2022-09-10T22:57:22Z,2022-09-10T22:57:48Z,4,I came here from Secret Invasion trailer.
7SlILk2WMTI,UgzRlIv-3b1LpJcEWXJ4AaABAg,2022-09-10T19:56:04Z,2022-09-10T19:56:04Z,3,Who's here after watching the trailer of secret invasion
7SlILk2WMTI,UgyyyibZrHGN1wfZ69Z4AaABAg,2022-08-20T22:57:13Z,2022-08-20T22:57:13Z,0,Ilike you films
7SlILk2WMTI,Ugxg5Lhcqz8TrPHD0ht4AaABAg,2022-08-20T04:57:12Z,2022-08-20T04:57:12Z,4,I saw this when I was 8 this is one of my favorite movies of all time
7SlILk2WMTI,UgzvzafMD34OTrWqKO94AaABAg,2022-08-18T18:13:11Z,2022-08-18T18:13:11Z,8,MCU doesnt make movies like this anymore. All superheroes are toooo powerful with soo many different types of abilities and power but cap with his shield is a force to reckon
7SlILk2WMTI,Ugwwc4JJU-E2_DkQmpl4AaABAg,2022-08-16T23:45:39Z,2022-08-16T23:45:39Z,2,here almost 9 years later to say that we need more serious movies like this. BEST SOLO MOVIE IN MCU HISTORY THUS FAR
7SlILk2WMTI,UgzCurBDbucKMR0zMrl4AaABAg,2022-08-15T19:49:02Z,2022-08-15T19:49:02Z,9,Hands down the perfect superhero movie. The way morality is depicted and the struggle of the protagonist to do the right thing makes it beautiful.
7SlILk2WMTI,UgwPHA-kMcibJNN1kDV4AaABAg,2022-08-14T22:33:44Z,2022-08-14T22:33:44Z,2,To think this was 8 nearly 9 years ago genuinely makes me sad
7SlILk2WMTI,UgxBZQ6PwQhcd0Y8bc54AaABAg,2022-08-14T14:25:18Z,2022-08-14T14:25:18Z,0,"There are so many flaws in this movie I don't even know where to begin!! If the shield spins so fast that it cuts through walls and metal how come Captain America's hand isn't cut off when he catches his shield? So many explosions but no one suffers from torn clothing, or coughing from all that smoke!!
No cuts or brushing I just wish common-sense would prevail ."
7SlILk2WMTI,Ugz-9byQOZYIDX05s5F4AaABAg,2022-08-14T14:18:26Z,2022-08-14T14:18:26Z,0,"You know why the winter soldier is one the baddass Villain in this movie ? 
He doesn't talk"
7SlILk2WMTI,Ugz0KdVXVL3cw5OiLPp4AaABAg,2022-08-06T16:12:42Z,2022-08-06T16:12:42Z,2,"Natasha and Steve should be a couple, romance couple. They are really good together."
7SlILk2WMTI,UgxJmIZ4VinFJhBl_8Z4AaABAg,2022-08-04T17:50:03Z,2022-08-04T17:50:03Z,1,💀😱🤩
7SlILk2WMTI,UgwONyqlzEryGgo7X-B4AaABAg,2022-08-03T17:38:26Z,2022-08-03T17:38:26Z,1,It is a one of the best Marvel movies ever!
7SlILk2WMTI,Ugx0qGE1LB_t34mYjaF4AaABAg,2022-08-03T14:33:51Z,2022-08-03T14:33:51Z,0,Because multiple superheros add in winter soldier and civil war
7SlILk2WMTI,UgzmpwLbJGnt66N2XxV4AaABAg,2022-08-02T19:59:58Z,2022-08-02T19:59:58Z,2,best marvel movie ez
7SlILk2WMTI,Ugx9PqhtEMWSKrvFsxh4AaABAg,2022-08-02T13:18:28Z,2022-08-02T13:18:28Z,0,They should've keep that bucky
7SlILk2WMTI,UgyduPJBYlZ67_gjtsV4AaABAg,2022-08-02T03:18:51Z,2022-08-02T03:18:51Z,7,still one of the best mcu movies. wish i could go back and watch it again for the first time
7SlILk2WMTI,UgzuTv86cd0zoxzHN1d4AaABAg,2022-08-01T10:42:21Z,2022-08-01T10:42:21Z,2,Absolute peak marvel
7SlILk2WMTI,UgwLFwe1Y8f0Y4re6XV4AaABAg,2022-07-29T14:08:26Z,2022-07-29T14:08:26Z,2,1:17 chills.
7SlILk2WMTI,UgxQfKlD0E0a9cfjDIB4AaABAg,2022-07-27T22:50:45Z,2022-07-27T23:00:27Z,0,We get another white dude with black dude sidekick first Robert Downey Jr with Don cheadle and now Chris Evans with Anthony Mackie just something I've noticed I have no problem with it though it's a great movie it definitely goes above and beyond number one for sure and that was a phenomenal movie to Voyons voir is let's see in French Je pensais que tu étais plus qu'un simple bouclier I thought you were more than just a shield
7SlILk2WMTI,Ugyj7JZc53yCoKCrzft4AaABAg,2022-07-27T06:14:30Z,2022-07-27T06:14:30Z,5,Still favourite MCU movie. Marvel focus on serious tone movies rather than light hearted comedy movie.
7SlILk2WMTI,UgxlTW6g7t6MXPJPRcp4AaABAg,2022-07-26T22:02:48Z,2022-07-26T22:04:17Z,2,"I think we all love this movie so much because it gives us a very psychological storyline. It is not just a “classic action hero journey”, it is a deep journey to the mind and soul of Steve Rogers. Whenever I watch “Winter Soldier”, I feel exactly like Cap. I can’t trust anyone in this movie, even to Natasha until some point. And that is emphaty! Actually, Fury sums it up: “You can’t trust anyone…” Trust, loyalty, betrayal… These are the things that this movie is all about. And this is why I love this movie so much… And of course, what a hard core action man!"
7SlILk2WMTI,UgxvCB0f7FbfQ3OZGjd4AaABAg,2022-07-23T05:59:09Z,2022-07-23T05:59:09Z,2,"1:43.., i smile!"
7SlILk2WMTI,UgxTh70MI5wuQzCRplF4AaABAg,2022-07-22T20:22:35Z,2022-07-22T20:22:35Z,2,Can we go back to this pls
7SlILk2WMTI,UgxBQP0dpY0S3kGl6kh4AaABAg,2022-07-20T02:26:57Z,2022-07-20T02:26:57Z,3,Back when Marvel movies took themselves seriously
7SlILk2WMTI,UgwcDp1yOCVY0Etti8h4AaABAg,2022-07-19T23:13:14Z,2022-07-19T23:13:14Z,5,"The Winter Soldier>Infinity War, Endgame"
7SlILk2WMTI,Ugx0Y4xcH1nYAK04p194AaABAg,2022-07-18T20:54:09Z,2022-07-18T20:54:09Z,1,Returning to this after watching Falcon and winter soldier.. tbh winter  soldier looks more badass as a villain than he is now
7SlILk2WMTI,UgwbtnMkp-7Rj4f1P414AaABAg,2022-07-16T23:04:25Z,2022-07-16T23:04:25Z,3,this is the best marvel movie
7SlILk2WMTI,UgwmvRtAdv7Hl5fg3id4AaABAg,2022-07-12T04:35:51Z,2022-07-12T04:35:51Z,1,that's how it should be now
7SlILk2WMTI,UgyZBiujoaxIK7geFuR4AaABAg,2022-06-28T09:19:19Z,2022-06-28T09:19:19Z,1,Legend watch after 8years
7SlILk2WMTI,Ugx_y5Wve8SdI_5NhH94AaABAg,2022-06-20T15:12:03Z,2022-06-20T15:12:03Z,2,The Stealth Cap suit and endgame one are my favorites
7SlILk2WMTI,Ugypl41IAoRLU7dydgF4AaABAg,2022-06-17T05:06:30Z,2022-06-17T05:06:30Z,0,I'm sorry.........they f*cking revealed Bucky is The Winter Soldier in the trailer???????????
7SlILk2WMTI,UgwpMbGPY0w422uVGzF4AaABAg,2022-06-15T06:35:10Z,2022-06-15T06:35:10Z,0,❤️❤️❤️
7SlILk2WMTI,UgzRInuP9VUdma7SPxt4AaABAg,2022-06-12T11:29:45Z,2022-06-12T11:29:45Z,5,Captain America trilogy is way better than iron Man and Thor trilogy it had everything u wanted no comedy only seriousness and that is reality
7SlILk2WMTI,Ugx2Xg7MDMuD8bRWakp4AaABAg,2022-06-09T18:48:48Z,2022-06-09T18:48:48Z,2,"If we remove The Amazing Spider-Man 2, 2014 was almost a perfect year for superhero movies, we had Captain America: The Winter Soldier, X-Men: Days of Future Past and Guardians of the Galaxy."
7SlILk2WMTI,UgxxF52cRpgf8QNbW3R4AaABAg,2022-06-07T22:44:06Z,2022-06-07T22:44:06Z,1,KAPTAN
7SlILk2WMTI,UgyEu9ZaU2kzXya5yDx4AaABAg,2022-05-27T11:37:34Z,2022-05-27T11:37:34Z,3,me here after the trailer for Netflix's The Gray Man from director's Joe Russo and Anthony Russo.
7SlILk2WMTI,UgwJ0NlR9DKONRln9y14AaABAg,2022-05-23T16:19:28Z,2022-05-23T16:20:08Z,9,Marvel needs to get back to making movies like this again
7SlILk2WMTI,Ugy2Rw-usO3fJF9Lui54AaABAg,2022-05-23T12:19:56Z,2022-05-23T12:19:56Z,3,This is the best and more realistic
7SlILk2WMTI,UgxI-ZZ4DjlnfydR92F4AaABAg,2022-05-20T09:52:45Z,2022-05-21T00:22:46Z,2,Captain America Trilogy Better Than Iron Man Trillogy but I love both of this
7SlILk2WMTI,Ugw3Ayp-sMjQ4Ay4rNN4AaABAg,2022-05-19T10:25:27Z,2022-05-19T10:25:27Z,0,I miss him so much... Sam it's on you now🥺
7SlILk2WMTI,UgyvgEGu-n1x4P-66It4AaABAg,2022-05-18T12:01:09Z,2022-05-18T12:01:09Z,4,"The new MCU movies lack this seriousness and grounded tone this movie had. The Thor, Avengers and Guardian movies should be the only ones that are a bit over the top."
7SlILk2WMTI,UgyDWtbINmizGnzQ3CB4AaABAg,2022-05-13T22:27:10Z,2022-05-13T22:27:10Z,3,OMG still to this day it’s one of if not the best Marvel movie.
7SlILk2WMTI,UgzvG10MCJ_ZmAL5yxt4AaABAg,2022-05-08T16:37:16Z,2022-05-08T16:37:16Z,1,"This movie is so good, it goes outside of ""best Marvel movie"" into one of the top 10 best films of 2014 (IMO)."
7SlILk2WMTI,UgwZ9AKbztZaCfuWnux4AaABAg,2022-04-30T14:20:09Z,2022-04-30T14:20:09Z,2,"""-Freedom is not cheap. It's always been that way."" (c)"
7SlILk2WMTI,Ugy7KWFOBXcj16lHqXB4AaABAg,2022-04-27T10:53:31Z,2022-04-27T10:53:31Z,1,Great movie forever
7SlILk2WMTI,Ugx-xuBMCsukNFoTPn54AaABAg,2022-04-27T04:04:55Z,2022-04-27T04:04:55Z,2,This is the only mcu movie which had the best action sequence. ❤️
7SlILk2WMTI,UgwHLlc0QzF4yV39fEN4AaABAg,2022-04-24T09:11:04Z,2022-04-24T09:11:04Z,4,The greatest MCU solo movie and trilogy till date.. this movie was so f epic.
7SlILk2WMTI,Ugy6odnHcRm7L6Rvrnh4AaABAg,2022-04-24T06:55:57Z,2022-04-24T06:58:45Z,2,"BEST MCU SOLO MOVIE GOES TO CAPTAIN AMERICA: THE WINTER SOLDIER

this is also a stevenat film, you can't convince me otherwise"
7SlILk2WMTI,UgxvULDT2JWW_6QCo1t4AaABAg,2022-04-23T23:03:39Z,2022-04-23T23:03:39Z,2,Oh how time flies🤧🖤
7SlILk2WMTI,UgzO2h8Myef-zH7pfO54AaABAg,2022-04-20T20:35:45Z,2022-04-20T20:35:45Z,0,remains one of the best marvel movies. i miss the cap quartet :(
7SlILk2WMTI,Ugw-VdSwno5YA8Az8jp4AaABAg,2022-04-19T16:07:57Z,2022-04-19T16:07:57Z,2,2022 is going on.......
7SlILk2WMTI,Ugx-SIga3dsQLyZ6w-94AaABAg,2022-04-14T18:58:17Z,2022-04-14T18:58:17Z,4,"Back in the days we were watching mcu movies for the plot and not for cameos and we had no Idea about endgame
The less you know the better ❤️"
7SlILk2WMTI,UgwUyYMWrl1yjVYH5U14AaABAg,2022-04-14T15:52:14Z,2022-04-19T21:36:51Z,8,"The Captain of America rules as the first avenger!
Awesome Marvel movie!"
7SlILk2WMTI,UgxeBp7bs4kZ4lG9hp54AaABAg,2022-04-11T21:18:43Z,2022-04-11T21:18:43Z,2,2:10
7SlILk2WMTI,UgwIzu7uIkesg-SVJR54AaABAg,2022-04-11T21:11:51Z,2022-04-11T21:18:29Z,2,2:09
7SlILk2WMTI,UgwoSkTymCBY_ozYB6B4AaABAg,2022-04-06T00:08:28Z,2022-04-06T00:08:28Z,4,8 years
7SlILk2WMTI,UgwCk-92JeQ-AXojOqF4AaABAg,2022-03-23T21:25:57Z,2022-03-23T21:25:57Z,1,My favorite MCU movie ❤️
7SlILk2WMTI,UgzNBnup7pdxDsju6Ct4AaABAg,2022-03-14T21:51:00Z,2022-03-14T21:51:00Z,1,"Next to Edge of Ultron and Civil War, this is the best movie of the MCU"
7SlILk2WMTI,UgwdIedYZzbVh7Bfjhp4AaABAg,2022-03-03T05:07:15Z,2022-03-03T05:07:15Z,1,🔥🔥🔥🔥🔥🔥🔥🔥🔥🔥🔥🔥🔥🔥🔥🔥🔥🔥🔥🔥🔥🔥🔥🔥🔥🔥🔥🔥🔥🔥🔥🔥🔥🔥🔥🔥🔥🔥🔥🔥🔥🔥🔥🔥🔥🔥🔥🔥🔥🔥🔥🔥 classic
7SlILk2WMTI,Ugz3laHIpeHVdvPMfE94AaABAg,2022-03-01T20:08:02Z,2022-03-01T20:08:02Z,2,2022
7SlILk2WMTI,UgzhkIEfWGeorrWw3KF4AaABAg,2022-02-24T04:42:27Z,2022-02-24T04:42:27Z,0,captain america The winter soldier 2 start on save star in
7SlILk2WMTI,Ugyay3hW4EP-rED69E54AaABAg,2022-02-22T10:34:11Z,2022-02-22T10:34:11Z,0,Back when Marvel's trailers wasn't decisive like now.
7SlILk2WMTI,UgzzJG9LzMspf6TW1TF4AaABAg,2022-02-21T20:57:11Z,2022-02-21T20:57:11Z,6,Best Marvel movie. Period.
7SlILk2WMTI,UgzFpE_pMiHkQfQyD_14AaABAg,2022-02-13T17:00:55Z,2022-07-30T15:30:42Z,10,"Evidently the best MCU movie ever because the directors were given all the major MCU projects after this movie like civil war, infinity war, endgame"
7SlILk2WMTI,UgyZdSUhtJBhGFBNSsl4AaABAg,2022-02-13T16:55:47Z,2022-02-13T16:55:47Z,8,Best MCU movie till date
7SlILk2WMTI,UgzBbDeY_RRXZ8jucB14AaABAg,2022-02-12T22:12:49Z,2022-02-12T22:12:49Z,1,I love this movie
7SlILk2WMTI,Ugzmar4nExwXrvNAcsp4AaABAg,2022-01-28T11:30:16Z,2022-01-28T11:30:16Z,2,"Hey guys, I'm from future....
To be exact, from 2022.
Bucky is the winter soldier and he becomes a good guy and joins Avergers"
7SlILk2WMTI,Ugw8PAD_Bow2HOKq5254AaABAg,2022-01-25T02:18:06Z,2022-01-25T02:18:06Z,2,Why did they show bucky’s face in the trailer
7SlILk2WMTI,UgwJBH-hnmcTE9FOThZ4AaABAg,2022-01-18T05:44:13Z,2022-01-18T05:44:13Z,0,This trailer doesn't do any justice to the movie.
7SlILk2WMTI,UgyH9AEY1O5v5W-T-kd4AaABAg,2022-01-12T02:27:50Z,2022-01-12T02:27:50Z,0,Iam a fan of bucky
7SlILk2WMTI,UgwAWW07IyAWFXVj-cB4AaABAg,2022-01-10T18:13:04Z,2022-01-10T18:13:04Z,0,"If you are shooting at me, you're bad. Classic."
7SlILk2WMTI,Ugz4nhdIZsn1NXr3UYB4AaABAg,2022-01-08T18:22:46Z,2022-01-08T18:22:46Z,1,And here I am after 8 years.
7SlILk2WMTI,Ugy-bZdBT6bXSfcjm-J4AaABAg,2022-01-05T19:09:56Z,2022-01-05T19:09:56Z,1,"Drag up the old nlamo lawsuit. People make money off of letters, they can bring it up whenever they want. Don't let them lull you into a false sense of security"
7SlILk2WMTI,Ugyc16Gekogk82UFLzF4AaABAg,2022-01-04T17:31:39Z,2022-01-04T17:31:39Z,2,The best action movie of all time.
7SlILk2WMTI,UgzQGt5SPaL3VBH-7fZ4AaABAg,2022-01-03T17:27:19Z,2022-01-03T17:27:19Z,0,Still one of the top MCU films.
7SlILk2WMTI,UgxRYmiWXUTzfI1F4gl4AaABAg,2022-01-02T13:45:55Z,2022-01-02T13:45:55Z,0,the best movie
7SlILk2WMTI,UgwDjCMZpkTH2p-kFhp4AaABAg,2021-12-25T16:34:55Z,2021-12-25T16:34:55Z,0,I love this Movie is my favorite from Marvel
7SlILk2WMTI,UgyYpc7SQnTh2Howdih4AaABAg,2021-12-19T06:28:23Z,2021-12-19T06:28:23Z,0,🥰! Good to see y'all! Family!🤗💕
7SlILk2WMTI,UgybfSZhm_ieM_Rcu3t4AaABAg,2021-12-14T04:50:42Z,2021-12-14T04:50:42Z,1,"And whosoever was not found written in the book of life was cast into the lake of fire. (Revelation 20:15)
And the third angel followed them, saying with a loud voice, If any man worship the beast and his image, and receive his mark in his forehead, or in his hand, The same shall drink of the wine of the wrath of God, which is poured out without mixture into the cup of his indignation; and he shall be tormented with fire and brimstone in the presence of the holy angels, and in the presence of the Lamb: And the smoke of their torment ascendeth up for ever and ever: and they have no rest day nor night, who worship the beast and his image, and whosoever receiveth the mark of his name. (Revelation14:9-11)"
7SlILk2WMTI,UgzXO04KwvSHWwgyYg54AaABAg,2021-12-12T16:27:00Z,2021-12-12T16:27:00Z,1,After covid... Anyone watch
7SlILk2WMTI,UgwSrbgFmIWHJiuu1op4AaABAg,2021-12-10T01:50:02Z,2021-12-10T01:50:02Z,1,This and the first Iroman movie best Marvel movies and the fact they didn't do more with Winter Soldier lore is just stupid.
7SlILk2WMTI,UgxfDnSKc9R20NOOOHd4AaABAg,2021-12-05T10:14:45Z,2021-12-05T10:14:45Z,2,"To this day, it astonishes me how Marvel wasn’t even trying to make an ambitious, super hyped film like Endgame or No Way Home, but thousands and thousands of people still regard it as the best Marvel movie. Don’t get me wrong, I loved it too, but it’s surprising how well it was received by the public."
7SlILk2WMTI,UgwE_EnGLR1ZkbVaOpd4AaABAg,2021-12-03T12:48:27Z,2021-12-03T12:48:27Z,1,My First MCU movie and I was Like 12 Years Old Still loved it
7SlILk2WMTI,Ugxwkzyn1wNwHPWD4-x4AaABAg,2021-11-19T04:13:17Z,2021-11-19T04:13:17Z,2,After Spider-Man NWH trailer 2😁
7SlILk2WMTI,Ugy43Q_6MhKVuzFRCfl4AaABAg,2021-11-18T18:34:42Z,2021-11-18T18:34:42Z,2,Man this is definitely one of if not my favorite movie trailer
7SlILk2WMTI,UgyPmf7tUN22J-Nkted4AaABAg,2021-11-08T20:50:08Z,2021-11-08T20:50:08Z,3,Best marvel movie trailer
7SlILk2WMTI,Ugz0VVH0fdQlvJwntBd4AaABAg,2021-11-04T13:32:41Z,2021-11-04T13:32:41Z,3,"song: I am waiting for you last summer - Gender"
7SlILk2WMTI,Ugx4w-kEodkeNxqZotR4AaABAg,2021-10-27T14:57:47Z,2021-10-27T14:57:47Z,1,Legend are watching after 5 years
7SlILk2WMTI,UgzASdnwAFiVmb-H0i14AaABAg,2021-10-27T13:43:35Z,2021-10-27T13:43:35Z,0,This and Godzilla: King of the Monsters are probably the best trailers of all time
7SlILk2WMTI,UgzwJt0N1wNXx0oSABR4AaABAg,2021-10-25T18:56:36Z,2021-10-25T18:56:36Z,1,Best solo movie in the mcu
7SlILk2WMTI,UgwLCkHMwXg4HYtRNah4AaABAg,2021-10-23T20:47:08Z,2021-10-23T20:47:08Z,3,Who is watching this in 2021 or is it just me
7SlILk2WMTI,Ugxci1eKpN_6oU9I3Yt4AaABAg,2021-10-16T04:24:19Z,2021-10-16T04:24:19Z,1,"lol... The whole world knows who run back...i hope you understand. they was killed by a country that did not even know how to wield weapons properly..  i think you should drown in shame. i think you can dream like this at night, but never think like that because you will see the during the day."
7SlILk2WMTI,UgxpoBGF8IrJXxu3byZ4AaABAg,2021-10-14T14:17:20Z,2021-10-14T14:17:20Z,1,The dark knight trilogy
