Video ID,Comment ID,Published At,Updated At,Likes,Comment Text
nW948Va-l10,Ugw6-JJbRLBgNzdRxmp4AaABAg,2023-06-26T03:18:43Z,2023-06-26T03:18:43Z,0,Woh
nW948Va-l10,Ugw6D3zD7TZtZN0d8-14AaABAg,2023-06-17T10:20:09Z,2023-06-17T10:20:09Z,0,"Hi Loki, robot cakep memilih memasukkan Dede Hermawan 13 kamis ke matahari yang panasnya mengerikan demi diri robot cakep bernasib baik dan memiliki keberuntungan."
nW948Va-l10,UgxyyxWR9b8BgRJ-O3p4AaABAg,2023-06-17T07:56:54Z,2023-06-17T07:56:54Z,0,I can't wait for season 2😍😍😍😍😍
nW948Va-l10,Ugxpyvn2PL3Q6hpQFUt4AaABAg,2023-06-14T01:14:15Z,2023-06-14T01:14:15Z,0,Next season please
nW948Va-l10,Ugymnx5S0-bPjc6ergl4AaABAg,2023-06-13T08:41:51Z,2023-06-13T08:41:51Z,1,"Loki; O; Ragnorak.⚜
The; Battle-Maiden: ♟ 郭展群。♟
O; Illad.⭐
🏰🕊 Roger Koay Chan Khoon. 🕊🏰"
nW948Va-l10,Ugwrnq6kd3W4aoCCD_x4AaABAg,2023-06-12T04:21:25Z,2023-06-12T04:21:25Z,5,Yeh ANIMAL KINGDOM KE PLAYLIST ME KAISE AA GAYA PW KE?? 😂
nW948Va-l10,UgyNnsjgd0QUL5Yx-ZV4AaABAg,2023-06-11T06:41:58Z,2023-06-11T06:41:58Z,4,What this trailer of loki is doing in the Playlist of animal kingdom of pw🤣
nW948Va-l10,UgwM3BSzwXunAqUq8K14AaABAg,2023-06-10T02:59:38Z,2023-06-10T02:59:38Z,0,Loki
nW948Va-l10,Ugz5Xgg9_1w47YQg6dV4AaABAg,2023-06-09T12:59:45Z,2023-06-09T12:59:45Z,0,The series is nothing like the trailer .The series is way too gooooooddddd uts soon gooddd
nW948Va-l10,UgzzAmRID8NzQx1RRd54AaABAg,2023-06-07T01:05:26Z,2023-06-07T01:05:26Z,0,Ya'll don't hate...
nW948Va-l10,UgwE46Zz-_exX9ETjYB4AaABAg,2023-06-07T01:05:12Z,2023-06-07T01:05:12Z,0,Uhh he is ok...
nW948Va-l10,UgwZisReaFjebjIrsJl4AaABAg,2023-06-07T01:03:48Z,2023-06-07T01:03:48Z,0,USA?
nW948Va-l10,UgwLS8J1X-_u6GdkztF4AaABAg,2023-06-07T01:03:41Z,2023-06-07T01:03:41Z,0,Mexican
nW948Va-l10,UgxqNcAtGaL_KZuFPzB4AaABAg,2023-06-07T01:03:21Z,2023-06-07T01:03:21Z,0,"No Chinese is sick, yeah Hispain..."
nW948Va-l10,UgzCRzNVNt--iJ-O6zx4AaABAg,2023-06-07T01:03:01Z,2023-06-07T01:03:01Z,0,"Hyuga tribe, or Uzumaki tribe?? Yeah Korean..., or french??? Vampires in French area, and zombies... Witcher TV series..."
nW948Va-l10,Ugxlxi6YJiC6r5yY7K94AaABAg,2023-06-07T01:02:11Z,2023-06-07T01:02:11Z,0,I'AM SimiLar to you.. but nope.. i'AM not from here...
nW948Va-l10,UgxiJh9h_7TESnzWxyd4AaABAg,2023-06-05T12:28:23Z,2023-06-05T12:28:23Z,0,Low key
nW948Va-l10,Ugx5V8gwZ_0Oz-7O36p4AaABAg,2023-06-01T15:03:48Z,2023-06-01T15:03:48Z,0,😢missing the old Loki god of mischief
nW948Va-l10,UgzKuSma4NpZ5xoIK714AaABAg,2023-06-01T07:47:57Z,2023-06-01T07:47:57Z,3,1:42 delete scene? is that king loki???
nW948Va-l10,Ugx6gbYfg9wb5pHRE5Z4AaABAg,2023-05-26T09:56:22Z,2023-05-26T09:56:22Z,0,the hypeee
nW948Va-l10,UgwI691ZxGbWZ4N4IgF4AaABAg,2023-05-23T17:24:58Z,2023-05-23T17:24:58Z,0,"imagine auditioning for the main character, ending up being the side character/ villain, then getting your own show. Upgrades people, upgrades"
nW948Va-l10,Ugz5rx_K4_w32HA--g14AaABAg,2023-05-20T07:50:11Z,2023-05-20T07:50:11Z,0,Loki is the orochimaru of the marvel
nW948Va-l10,UgxhOvhsNG5quY3M28V4AaABAg,2023-05-20T02:42:11Z,2023-05-20T02:42:11Z,1,So excited for Season 2!! Love you Tom Hiddleston!! ❤
nW948Va-l10,UgxsuRz9pqTOKTow4Ut4AaABAg,2023-05-19T19:59:54Z,2023-05-19T19:59:54Z,0,i bought a black shirt for a 1 dollar brand new and it had green and his photo and sais time variant authority. i didnt even know who he was lol
nW948Va-l10,UgxyKUfXbQgJUquyEwR4AaABAg,2023-05-18T07:13:51Z,2023-05-18T07:13:51Z,5,why this trailer is in the playlist of animal kingdom in competition wallah 😂😂
nW948Va-l10,UgxKmP9jLzn72y98CLF4AaABAg,2023-05-17T03:07:33Z,2023-05-17T03:07:33Z,3,Lets gooo October 6!!!
nW948Va-l10,UgwV_NcjPKCV2oCw_bB4AaABAg,2023-05-16T21:57:08Z,2023-05-16T21:57:08Z,1,We have a release date for Season 2 October 6 I’m not kidding
nW948Va-l10,Ugx-5OSXp5emFbJbY_d4AaABAg,2023-05-16T12:22:21Z,2023-05-16T12:22:21Z,2,Who is here from PHYSICS WALLAH's playlist??😂😂
nW948Va-l10,UgwNfe_eilKvNA6cOmF4AaABAg,2023-05-02T06:45:53Z,2023-05-02T06:45:53Z,9,Bruh...how is this on the playlist of official PW channel 😅
nW948Va-l10,UgyIqaAU0T2dqo0Q77J4AaABAg,2023-04-30T00:24:10Z,2023-04-30T00:24:10Z,0,Still the only real good thing in phase 4
nW948Va-l10,Ugz6pSyMexXKdVKCQMR4AaABAg,2023-04-27T13:40:07Z,2023-04-27T13:40:07Z,0,"Come on marvel , give us sn 2"
nW948Va-l10,UgxoLP7bylA652sY8QV4AaABAg,2023-04-25T09:26:35Z,2023-04-25T09:26:35Z,0,Loki series in MCU now is shine in the shadow
nW948Va-l10,UgyIEu1Bq6vv94cQa_p4AaABAg,2023-04-24T15:37:34Z,2023-04-24T15:37:45Z,5,I think i came only here through pw animal kingdom by samapti mam playlist of pace series😂
nW948Va-l10,Ugy2TgAPmUOpqU3vZyJ4AaABAg,2023-04-24T05:52:36Z,2023-04-24T05:52:36Z,5,From pw animal kingdom playlist 😂
nW948Va-l10,Ugy4C5IwjcjPBdzmQJV4AaABAg,2023-04-22T04:16:24Z,2023-04-22T04:16:24Z,4,but I came to watch animal kingdom😅😅😅😅😅😅
nW948Va-l10,UgxK5DMtzGcAHff_S3x4AaABAg,2023-04-20T15:37:54Z,2023-04-20T15:37:54Z,1,If Jonathan mayors get imprisoned then you can replace HIM with Kevin heart
nW948Va-l10,UgxZCAlP7Zih8l0a81V4AaABAg,2023-04-20T12:27:53Z,2023-04-20T12:27:53Z,2,Par bhai mai toh animal kingdom dekhne aya tha😅
nW948Va-l10,Ugx8ShMQZtMNC95Kipp4AaABAg,2023-04-18T23:46:20Z,2023-04-18T23:46:20Z,1,It’s already been 2 years ??
nW948Va-l10,UgzoJcLwVboIyMmTy3N4AaABAg,2023-04-18T17:12:02Z,2023-04-18T17:12:02Z,0,😍😍😍😍😍👌👌👌👌
nW948Va-l10,Ugz5MZGjAWyfM-xJV1l4AaABAg,2023-04-13T07:53:25Z,2023-04-13T07:53:25Z,0,great show
nW948Va-l10,Ugy0TodXN0Sm7ozI0xN4AaABAg,2023-04-11T22:53:51Z,2023-04-11T22:53:51Z,1,Nobody expected this to become the only good thing out of phase 4 ....how MCU SHOULD be
nW948Va-l10,UgxbkOl2aWec-1M-udd4AaABAg,2023-04-11T16:30:32Z,2023-04-11T16:30:32Z,0,cannot believe it is already 2 years since this beauty!
nW948Va-l10,UgyflHIFTFlTTYwt3x94AaABAg,2023-04-10T20:11:37Z,2023-04-10T20:11:37Z,0,time flay...
nW948Va-l10,UgzpaoXtP6QxVzPqNT94AaABAg,2023-04-09T20:55:14Z,2023-04-09T20:55:14Z,0,His name says it all  LOKI mean craziest of the all. He is the only bad guy that people love to see alive😄
nW948Va-l10,UgzmYGWzNTuSboOmPBl4AaABAg,2023-04-08T12:20:28Z,2023-04-08T12:20:28Z,1,Still waiting for season 2
nW948Va-l10,UgzmC4qnJyj5NwcGBaF4AaABAg,2023-04-08T08:10:13Z,2023-04-08T08:10:13Z,0,2 years ago…
nW948Va-l10,Ugzch927Wptq3WP7icp4AaABAg,2023-04-05T03:41:40Z,2023-04-05T03:41:54Z,10,How are coming from physics wallah playlist of bio old Arjuna lecture 😂 ❤️
nW948Va-l10,UgzaNe4bp-_naQyRMTt4AaABAg,2023-03-28T20:10:59Z,2023-03-28T20:10:59Z,6,Only good thing of Marvel phase 4
nW948Va-l10,Ugza1LC0q4dyJ-vwAFN4AaABAg,2023-03-28T18:40:17Z,2023-03-28T18:40:17Z,3,PLS RELEASE SEASON 2 DISNEY!!!
nW948Va-l10,Ugy3CKG7SCIMs-G4UIR4AaABAg,2023-03-27T05:28:17Z,2023-03-27T05:28:17Z,3,Can't believe i watched all the six episodes non stop.
nW948Va-l10,UgxHZMo1N0gvHbEB8gZ4AaABAg,2023-03-26T15:35:16Z,2023-03-26T15:35:16Z,0,I’m disappointed Jonathan Majors was arrested yesterday
nW948Va-l10,UgyiWhNPHAzcX1qB3bZ4AaABAg,2023-03-26T05:43:31Z,2023-03-26T05:43:31Z,0,1:43 looks like Ice Crown Citadel.
nW948Va-l10,UgwvqsygCabWeixiW1t4AaABAg,2023-03-21T11:15:18Z,2023-03-21T11:15:18Z,0,"Ga sabar nunggu loki 2, kira kira kapan yak, mana ending ny gantung lg"
nW948Va-l10,UgzfPF6qI0gAiGmY-8x4AaABAg,2023-03-18T21:51:38Z,2023-03-18T21:51:38Z,0,Loki a big traitor
nW948Va-l10,UgwQk9hifqmEh3m_YiR4AaABAg,2023-03-18T10:21:18Z,2023-03-18T10:21:18Z,3,Jesus Christ loves you ❤❤❤✝️😁✝️
nW948Va-l10,UgwWAX6E6eQnQcnoG2p4AaABAg,2023-03-17T06:47:41Z,2023-03-17T06:47:41Z,1,Looking forward for season 2
nW948Va-l10,Ugxo0XCTCu1GykhU8Gt4AaABAg,2023-03-15T06:51:27Z,2023-03-15T06:51:27Z,2,"This show is truly a manifestation of Glorious!, kang really look menacing in this show, but sadly they make kang look weak in Quantumania.

Can't wait for season 2!✨️"
nW948Va-l10,Ugx9HUXvWkUurtr8I794AaABAg,2023-03-14T22:15:50Z,2023-03-14T22:15:50Z,2,"So, I loved the series. Hiddleston, as expected, was phenomenal, and can pretty much sell any Loki character arc.

But... it's interesting how much this trailer presents Loki as very much the God of Mischief who is actually 10 steps ahead and having a blast while he's at it. Clearly, what we get in the show is very different.

Reminds me a bit of the Thor: The Dark World trailer, which is 80% Loki - presumably to give audiences the impression that he'll be the main character.

Again, don't get me wrong - I really enjoyed the TV show. But I wonder if sometimes it occurs to studios that if they're having to manipulate the trailer to pretend that the show is something it's not... then maybe they should just make the show the way it's presented in the trailer in the first place 😊"
nW948Va-l10,UgzTM14GfF4ItCUfeWJ4AaABAg,2023-03-13T16:47:09Z,2023-03-13T16:47:09Z,0,Who came here after watching Loki dance ✋🥰😂
nW948Va-l10,Ugzx6L_XWA4CqY4qSmh4AaABAg,2023-03-06T15:01:04Z,2023-03-06T15:01:04Z,0,1:36 they changed this didnt they. So glad they did.
nW948Va-l10,UgzQoxpoft2fnYE3Q654AaABAg,2023-03-06T12:36:24Z,2023-03-06T12:37:10Z,0,That's marvel is all about Marvelously   Incredibly Beautifully Presented Something Awesome👍👏😊 To Us ...........Thanks 🌹Tom and other's
nW948Va-l10,Ugz66_dHourFX9I9GUJ4AaABAg,2023-03-04T15:54:33Z,2023-03-04T15:54:33Z,0,"Loki: Season 1 (2021)
June 11, 2021"
nW948Va-l10,UgyJaHqNh1ECJymAxqZ4AaABAg,2023-03-04T09:59:20Z,2023-03-04T09:59:20Z,0,Guys am I delusional for seeing Natasha in the trailer 👀👀 ?
nW948Va-l10,UgycQTOojyTTL1EsyYJ4AaABAg,2023-03-02T05:42:21Z,2023-03-02T05:42:21Z,1,Please bring at least trailer of season 2 I'm dying 😭😭
nW948Va-l10,UgxBZ1pwZJkPzsR2y0p4AaABAg,2023-03-02T05:42:17Z,2023-03-02T05:42:17Z,1,Please bring at least trailer of season 2 I'm dying 😭😭
nW948Va-l10,Ugwj9c8PHXDfoE0gM3R4AaABAg,2023-03-02T05:42:12Z,2023-03-02T05:42:12Z,1,Please bring at least trailer of season 2 I'm dying 😭😭
nW948Va-l10,UgwuszMCS_pVS_SNdE14AaABAg,2023-03-02T05:42:07Z,2023-03-02T05:42:07Z,1,Please bring at least trailer of season 2 I'm dying 😭😭
nW948Va-l10,Ugwum5u01Tg0DSMIEY54AaABAg,2023-03-02T05:42:02Z,2023-03-02T05:42:02Z,1,Please bring at least trailer of season 2 I'm dying 😭😭
nW948Va-l10,UgwcBAs7Q1MuZO_YCBh4AaABAg,2023-02-27T12:23:00Z,2023-02-27T12:23:00Z,2,"A Masterpiece of Marvel
Waiting for season 2"
nW948Va-l10,Ugw7YuDUPea3CML5Oxp4AaABAg,2023-02-26T03:30:54Z,2023-02-26T03:30:54Z,4,"This is the best of all the Marvel shows by a mile.  They were very good, this is great."
nW948Va-l10,UgyGZqtUZCpHt7tB9AJ4AaABAg,2023-02-25T19:50:15Z,2023-02-25T19:50:15Z,2,"This was Hiddleston's glorious purpose: 
To bring us the best thing from Phase Four."
nW948Va-l10,UgzG4XWK7BFoEbHU77J4AaABAg,2023-02-25T01:46:21Z,2023-02-25T01:46:21Z,0,Awesome 🎉🎉🎉🎉
nW948Va-l10,Ugx-Z5Y7FPTvtZu2JRt4AaABAg,2023-02-24T16:48:05Z,2023-02-24T16:48:05Z,1,"I watched this show, 

It confuses me that they talk to Loki as if he knows what he’s doing is off track what’s suppose to happen, but rlly he had no clue what was going on whatsoever"
nW948Va-l10,Ugxivb_NPHTkvbnIPcN4AaABAg,2023-02-22T03:25:55Z,2023-02-22T03:25:55Z,1,My favorite character I'm so happy were getting its own show
nW948Va-l10,Ugy5KwRfE8JBsiDTmoZ4AaABAg,2023-02-20T02:14:24Z,2023-02-20T02:14:24Z,5,Let’s gooo he appears in Ant Man!!
nW948Va-l10,UgwYzhvQSPTjVCMKhvZ4AaABAg,2023-02-18T19:12:18Z,2023-02-18T19:12:18Z,1,I just heard some news that on Monday we’re getting a trailer for Season 2
nW948Va-l10,UgyAZOD4AD3WT2oPCVN4AaABAg,2023-02-18T12:36:51Z,2023-02-18T12:36:51Z,8,Who there from The Ant-man?)
nW948Va-l10,Ugy1lRMWizJ4g8KeqxR4AaABAg,2023-02-17T14:31:36Z,2023-02-17T14:31:36Z,11,Here after ant man post credit scene🔥🤩
nW948Va-l10,UgyTP1foGKTmNRbzctJ4AaABAg,2023-02-15T14:14:57Z,2023-02-15T14:14:57Z,5,HE APPEARS AGAIN IN THE POST CREDITS SCENE ANT MAN QUANTUM MANIA 🤣
nW948Va-l10,UgzMaVSq77nrF-yLvvZ4AaABAg,2023-02-14T19:10:00Z,2023-02-14T19:10:00Z,1,Hey you don't wanted Loki real father the god of war to come back alive
nW948Va-l10,UgySxx6AV4wnfzK1y2V4AaABAg,2023-02-11T13:28:11Z,2023-02-11T13:28:11Z,1,i am u
nW948Va-l10,UgzWDsg3fjr5vAkw99R4AaABAg,2023-02-10T17:46:20Z,2023-02-10T17:46:20Z,1,Is he INFJ?
nW948Va-l10,Ugx8wET1dxLtzPG6uD14AaABAg,2023-02-10T14:39:02Z,2023-02-10T14:39:02Z,2,This show was amazing
nW948Va-l10,UgyUBaZe4hYtYafjBXJ4AaABAg,2023-02-10T06:23:45Z,2023-02-10T06:23:45Z,0,"If you always in trip, you met the death prophet. I'm not a retard, I got a point."
nW948Va-l10,UgyarOrGj0KvjMzuy-14AaABAg,2023-02-08T02:56:33Z,2023-02-08T02:56:33Z,2,Its been 2 years ☕
nW948Va-l10,UgyrRkT96E8klEr0eQl4AaABAg,2023-02-01T22:24:36Z,2023-02-01T22:24:36Z,8,Who came here after watching the playlist of Animal kingdom of samapti mam(pw) ....🙃
nW948Va-l10,UgwPm5tDYfwteEI6Lyt4AaABAg,2023-01-31T22:22:34Z,2023-01-31T22:22:34Z,2,Loki is soo cute 🥺😳🥵😍
nW948Va-l10,UgwOTqi_4viOd_PPU7Z4AaABAg,2023-01-31T05:55:01Z,2023-01-31T05:55:01Z,1,twilight sparkle and loki in the same show is something i didnt expect but i did need
nW948Va-l10,UgzFNdKs6x4ib5fGu614AaABAg,2023-01-28T16:09:01Z,2023-01-28T16:09:01Z,2,Quantum realm
nW948Va-l10,UgzKuDsfTanC_heJibJ4AaABAg,2023-01-26T04:38:35Z,2023-01-26T04:38:35Z,2,this showed up on my feed for some reason and I thought it was for season 2
nW948Va-l10,UgyNr0m6_w94486hMg14AaABAg,2023-01-23T13:50:43Z,2023-01-23T13:50:43Z,3,Kang is Coming in MCU
nW948Va-l10,UgwqdQS1wcXqVwX2cUV4AaABAg,2023-01-19T05:20:01Z,2023-01-19T05:20:01Z,4,Still being no 1 series in the Marvel entertainment
nW948Va-l10,UgxIXmMQx2B3sc81uJ54AaABAg,2023-01-19T01:52:53Z,2023-01-19T01:52:53Z,5,"POV: you see this on your reccomend, thinking it is the season 2 trailer......😥😥😥😥"
nW948Va-l10,UgxJmGNoUmSoJqcfIt94AaABAg,2023-01-17T14:03:47Z,2023-01-17T14:03:47Z,1,Cant wait for season 3! After 2! And also for him to have crossovers eith other heros cause those are super cool
nW948Va-l10,UgzhQ_oa9x_SQxA72EZ4AaABAg,2023-01-17T14:03:13Z,2023-01-17T14:03:13Z,1,Best series ever
nW948Va-l10,UgzPcrX1yTOBhdJgwup4AaABAg,2023-01-16T10:39:14Z,2023-01-16T10:39:14Z,3,THIS TRAILER NEVER FAILS IN CLICKBAITING US FOR S2..CANNOT CONTAIN THE EXCITEMENT❤️🔥✨
nW948Va-l10,UgwyLa5icn4VLJrQmUB4AaABAg,2023-01-09T00:39:43Z,2023-01-09T00:39:43Z,1,I can't get the thought of Tom portraying the Joker out of my head.
nW948Va-l10,Ugw9OFqLk7qM0F-Pg8p4AaABAg,2023-01-08T22:29:41Z,2023-01-08T22:29:41Z,0,1
nW948Va-l10,UgydoGYtY4WSg8t7-fJ4AaABAg,2023-01-07T03:21:12Z,2023-01-07T03:21:12Z,5,i thought this was season 2 bruh
nW948Va-l10,Ugz143thG9i7ODQjbc14AaABAg,2023-01-05T11:55:01Z,2023-01-05T11:55:01Z,0,I’m excited for Season 2 this year in the summer
nW948Va-l10,UgyyuptCkiW2L9aXQfh4AaABAg,2023-01-04T06:26:41Z,2023-01-04T06:26:41Z,0,Me seeing this in my recommended randomly thinking it’s season 2 already.
nW948Va-l10,Ugxn0uGBNrZvZ9AMRZR4AaABAg,2023-01-02T16:08:06Z,2023-01-02T16:08:06Z,0,Don't understand why I Love Loki do yall?😎
nW948Va-l10,UgzkxWP0Mdd0qoxFMCB4AaABAg,2023-01-01T22:13:49Z,2023-01-01T22:13:49Z,4,Why the hell is this in the the playlist of physics wallah lol
nW948Va-l10,UgxjuNTFq4vG3IrX5tt4AaABAg,2022-12-29T07:44:58Z,2022-12-29T07:44:58Z,1,My dumbass really thought this was the season 2 trailer
nW948Va-l10,UgwVUszMDqEk0_rSOxZ4AaABAg,2022-12-27T04:00:07Z,2022-12-27T04:00:07Z,0,Abc
nW948Va-l10,UgzQQCtONug6jtPNgKB4AaABAg,2022-12-23T07:08:05Z,2022-12-23T07:08:26Z,5,PW Ki Biology playlist me ye trailer kyu daal diya ??
nW948Va-l10,UgzgRczs_VFv8Q_ejhJ4AaABAg,2022-12-22T17:50:55Z,2022-12-22T17:51:03Z,0,OMG Its Lightning McQueen
nW948Va-l10,UgwpWAidtqI1IZ42NQR4AaABAg,2022-12-22T13:45:51Z,2022-12-22T13:45:51Z,0,Owen wilson
nW948Va-l10,UgwWiQXrP7iBBBh-Xud4AaABAg,2022-12-20T01:13:25Z,2022-12-20T01:13:25Z,2,Likely the best show ever.  Genius!
nW948Va-l10,Ugxr_jzP6sJMQ1Y8Kbl4AaABAg,2022-12-19T21:40:19Z,2022-12-19T21:40:19Z,0,Loki is THE BEST. Periodt.
nW948Va-l10,UgyDyZ5PsYCw4lJ_GJF4AaABAg,2022-12-19T18:57:55Z,2022-12-19T18:57:55Z,0,Henry cavil would be a perfect god emperor Doctor doom . You guys need to consider his physique! That man is God emperor doom in the flesh
nW948Va-l10,Ugwb3FSHyREtKnOGA-J4AaABAg,2022-12-19T18:57:14Z,2022-12-19T18:57:14Z,0,Please bring in Hyperion and Kang for season 2 . The guy from the Barbie movie is perfect for the role. and the rest of squadron supreme would be dope too but if not then just hint on them and bring them in later in secret wars w fox mutants helping kang against the battle of kang dynasty or secret wars
nW948Va-l10,UgxuBoDrI7kCgoZQmDh4AaABAg,2022-12-19T09:15:44Z,2022-12-19T09:15:44Z,0,Fight
nW948Va-l10,UgwypS9Cfz-O5Yd8T6t4AaABAg,2022-12-14T02:15:13Z,2022-12-14T02:15:13Z,0,In the final episodes when the time line branches are separating. What is actually happening in the MCU in this moment? Can anyone verify any particular scene in any other MCU movie that is causing these branches to branch off?
nW948Va-l10,UgwNuxB-f2oaoHXTyWR4AaABAg,2022-12-12T14:03:41Z,2022-12-12T14:03:41Z,0,Where is the Loki S2 trailer???
nW948Va-l10,UgyNgwtQeFuBDXEqV1d4AaABAg,2022-12-09T22:27:15Z,2022-12-09T22:27:15Z,0,Bi Türk çıkmaz mı be
nW948Va-l10,UgzbvgCIE5WWIdEhE7t4AaABAg,2022-11-28T13:17:37Z,2022-11-28T13:17:37Z,1,I literally saw this trailer 100 times but i still get goosebumps
nW948Va-l10,UgwVUQOn9csdlW2FuP94AaABAg,2022-11-20T07:33:02Z,2022-11-20T07:33:02Z,0,it s mean loki is returen
nW948Va-l10,Ugw5Ko3vIh2VZRVZbal4AaABAg,2022-11-19T12:22:40Z,2022-11-19T12:22:40Z,0,"Can this be flagged for false advertising?

I didn't see Sylvie in any of the scenes she starred in."
nW948Va-l10,UgwxyTBYlwrRv66Z8254AaABAg,2022-11-17T14:57:33Z,2022-11-17T14:57:33Z,0,Waiting for season 2 trailer
nW948Va-l10,UgwrqMNnhl-I1gNkyxx4AaABAg,2022-11-16T03:52:12Z,2022-11-16T03:52:12Z,1,Forgot what an absolute banger of a show this was
nW948Va-l10,UgwgDyzhFQC5Q6CtIGt4AaABAg,2022-11-12T15:08:14Z,2022-11-12T15:09:19Z,0,What is the soundtrack for the title card in this trailer? Is it just for the trailer?
nW948Va-l10,UgxjAOf6xwEa5Iqe2yx4AaABAg,2022-11-07T04:16:38Z,2022-11-07T04:16:38Z,0,I remember watching this the day it came out 1 year ago. Cant wait for season 2!!!!
nW948Va-l10,UgzHwJQhzelHRk0DdxJ4AaABAg,2022-10-31T18:31:15Z,2022-10-31T18:31:15Z,0,2season kaha hai
nW948Va-l10,Ugz177WM8DMOieiYjBh4AaABAg,2022-10-31T12:11:15Z,2022-10-31T12:11:15Z,1,"You don't notice until after the fact that they completely concealed one of the two main characters of the show, literally editing them out at 1:42
The best part is that the title is still perfectly accurate, and meant you couldn't be 100% sure that our Loki wouldn't get killed off."
nW948Va-l10,UgzNa9lCoTgZNh4BVTB4AaABAg,2022-10-29T18:46:23Z,2022-10-29T18:46:23Z,22,"Who else came from Physics Wala 😂😂😂
👇👇👇👇"
nW948Va-l10,UgwY6dxda6f8MzvSDiN4AaABAg,2022-10-29T16:53:07Z,2022-10-29T16:53:07Z,2,"Every Single Episode Giving  Suspense , and Last episode Was 🔥"
nW948Va-l10,Ugxl8N8mK7BXrGO_PvV4AaABAg,2022-10-23T13:52:40Z,2022-10-23T13:52:40Z,2,"No iron man, no captain america, cringe thor. Loki Seson 2 is literally the only thing getting excited for in the upcoming MCU"
nW948Va-l10,UgwHLmd3BvE-d2BdBLV4AaABAg,2022-10-22T06:30:44Z,2022-10-22T06:30:44Z,0,"Stab people  👇

Ephesians 6:12

King James Version

12 For we wrestle not against flesh and blood, but against principalities, against powers, against the rulers of the darkness of this world, against spiritual wickedness in high places"
nW948Va-l10,Ugxd377e4oCcStpUEsF4AaABAg,2022-10-22T03:02:29Z,2022-10-22T03:02:29Z,11,Why is this trailer in Physics wallah pace series playlist?
nW948Va-l10,UgxvQj21T3qp0AmX0yB4AaABAg,2022-10-20T17:56:12Z,2022-10-20T17:56:12Z,1,Loki season 2: Summer 2023
nW948Va-l10,Ugy0x-wzKXIZqCi-4TZ4AaABAg,2022-10-20T14:08:45Z,2022-10-20T14:08:45Z,0,"We've seen and watched so many series out there, but for me this is still the best one so far. And it is truly glorious."
nW948Va-l10,UgzqQiZ0-GTuTdPHaEl4AaABAg,2022-10-14T22:28:50Z,2022-10-14T22:28:50Z,1,Are these stories original? What is creativity? What is choice? What is free will? A timeline of consciousness set to perform supradimensional work.
nW948Va-l10,UgypmFyT0Yytr51dFnR4AaABAg,2022-10-14T07:51:47Z,2022-10-14T07:51:47Z,0,"Loki sigue siendo la mejor serie de Marvel, estoy tan emocionado por la segunda temporada"
nW948Va-l10,UgzNjQQWhb-Dx34xxEF4AaABAg,2022-10-13T07:43:03Z,2022-10-13T07:43:03Z,1,Woopwoop!
nW948Va-l10,UgwMsveBIx1j0dkqEnB4AaABAg,2022-10-10T20:54:07Z,2022-10-10T20:54:07Z,1,Who else is rewatching this in 2022
nW948Va-l10,Ugzsq8m1VPOVet4-byR4AaABAg,2022-10-07T18:28:50Z,2022-10-07T18:28:50Z,0,Legends watching after two years
nW948Va-l10,UgyXTQh0d9QXejLc55R4AaABAg,2022-10-05T20:06:34Z,2022-10-05T20:06:34Z,0,Loki forever!!!!
nW948Va-l10,UgwBGIOlL5-2uBK8vS54AaABAg,2022-10-04T05:46:27Z,2022-10-04T05:46:27Z,1,Fantastic series. Absolutely awesome
nW948Va-l10,UgzdCZwKiOyAadfHTuh4AaABAg,2022-10-03T20:54:14Z,2022-10-03T20:54:14Z,0,This is easily my favorite phase 4 project and the best example of what a streaming MCU project can be.
nW948Va-l10,UgwuH-MvY2PdlKzKH254AaABAg,2022-09-30T13:01:47Z,2022-09-30T13:01:47Z,6,PW
nW948Va-l10,Ugz4G7SvaaLvB1xpPXJ4AaABAg,2022-09-29T14:05:22Z,2022-09-29T14:05:22Z,11,Yeh PW ke playlist me kya kar Raha hai?
nW948Va-l10,UgxJsOaMvv55l9Su8BB4AaABAg,2022-09-25T18:51:55Z,2022-09-25T18:51:55Z,1,Zps?.
nW948Va-l10,Ugw_4yBKQjRLqqrTJAV4AaABAg,2022-09-24T07:43:05Z,2022-09-24T07:43:05Z,3,"2:06 to the people who thought that, that was black widow 😂😂"
nW948Va-l10,Ugzea60UPYbFVdXt6zp4AaABAg,2022-09-23T12:01:54Z,2022-09-23T12:02:48Z,0,It will never beat daredevil the first season of Jessica Jones or the punisher though
nW948Va-l10,Ugz09XF0xVzpBX-ozaN4AaABAg,2022-09-23T06:19:07Z,2022-09-23T06:19:07Z,0,What hurts the most is I have to watch tiktoks of loki when he has a whole show. They just ruined this show.
nW948Va-l10,UgydkUYVOu4cY7XoG_t4AaABAg,2022-09-20T23:52:11Z,2022-09-20T23:52:11Z,1,Freakin MASTERPIECE
nW948Va-l10,UgydNtR6rEUGI4Sp7hV4AaABAg,2022-09-19T00:38:48Z,2022-09-19T00:38:48Z,4,1:45
nW948Va-l10,UgwYVgwIoYlsQ7qxvGV4AaABAg,2022-09-12T02:48:23Z,2022-09-12T02:48:23Z,0,"THE MOVIE WAS SORRY, BECAUSE YOU DO TO MUCH TALKING. SHOW THE ACTION & SHUT UP. GET TO THE POINT."
nW948Va-l10,UgztZmsnhdZmeoFC7KR4AaABAg,2022-09-11T02:41:06Z,2022-09-11T02:41:06Z,2,I love how most of these comments are from when after the show finished 😂
nW948Va-l10,UgxlmsfMn0u-IRJU3a14AaABAg,2022-09-10T16:44:36Z,2022-09-10T16:44:36Z,4,Best marvel show since endgame
nW948Va-l10,Ugx7rFXfCVIGw03vg9d4AaABAg,2022-09-08T18:25:23Z,2022-09-08T18:25:23Z,1,Give loki a bo staff please
nW948Va-l10,Ugwim5sOQqij8VG5OVF4AaABAg,2022-09-08T12:36:39Z,2022-09-08T12:37:06Z,1,Anyone else think that these time keeper employees should have some basic martial arts training? I mean they r flopping like regular security guards in regular buildings that dont protect the sacred timeline and the existence of the multiverse.
nW948Va-l10,Ugwfok6N7n4uVDbRATN4AaABAg,2022-09-06T13:51:45Z,2022-09-06T13:51:45Z,2,This Series was 🔥🔥🖖
nW948Va-l10,UgwZcoD17JSwhXfI_Yl4AaABAg,2022-09-06T09:59:03Z,2022-09-06T09:59:03Z,14,Who came here from physics wallah zoology playlist 😅
nW948Va-l10,UgyYpAjjfx_-tfKbn714AaABAg,2022-09-03T13:17:08Z,2022-09-03T13:17:08Z,0,🔥🔥
nW948Va-l10,UgxKX0s8ZWH9kqkoLrx4AaABAg,2022-09-01T20:26:21Z,2022-09-01T20:26:21Z,0,I love it
nW948Va-l10,Ugw35nbO8mBhhQmA2fd4AaABAg,2022-08-26T15:13:07Z,2022-08-26T15:13:07Z,0,im so excited june 2023!!!
nW948Va-l10,UgwuzlEooktztqzMieR4AaABAg,2022-08-25T17:15:46Z,2022-08-25T17:15:46Z,15,"Who has put this in zoology pw playlist
I'm dying 😂"
nW948Va-l10,UgwZG-PgfTgSU-8QDnp4AaABAg,2022-08-22T00:58:11Z,2022-08-22T00:59:27Z,3,"What an amazing show this was. I waited a while to watch it, but wow. To set the record straight, the fact we can make movies like this or even in general is an amazing gift and critics can be harsh. But with the perspective of 50 years ago and this is where it's arrived changes my perspective. I enjoy these movies more than I thought I would. Just a fresh story and amazing actors and people behind the camera. I watched reviews of these movies and shows before I could actually get to watch them and I need to just watch this stuff."
nW948Va-l10,UgzqQqcechaBkRTYo114AaABAg,2022-08-20T11:43:38Z,2022-08-20T11:43:38Z,0,"Who do you think you are , The Boys ?... Season 1 has 6 episodes ,  Season 2 comes out  summer 2023...  

New Information: Season 3 is confirmed . There will be 3 short 12 minute long episodes and they will be released on the 25th of December 2037"
nW948Va-l10,UgxX6bkbUZ_DW4yo6nV4AaABAg,2022-08-19T06:49:37Z,2022-08-19T06:49:37Z,3,I am not gonna be married until Loki Season 2 Coming
nW948Va-l10,Ugy6GEaSO1gPM7ypm454AaABAg,2022-08-17T13:23:37Z,2022-08-17T13:28:36Z,0,"I just finished the last episode just now. And after seeing as how Kang is. He should have been the set up or build up to battling. Because Thanos is nothing compared when you have a being saying: these things must take place. And the stones are useless in his area of operation. To have a million years of knowledge is truly profound and terrifying.

Ps. This ended up being better than the Falcon and Winter Soldier AND definitely better than Wanda Vision."
nW948Va-l10,Ugw0LsbygyVW5cV_vud4AaABAg,2022-08-17T08:36:01Z,2022-08-17T08:36:01Z,0,"Wow
2 episodes in and that's me.
What a load of woke bullshit"
nW948Va-l10,Ugxsquk3lbfE1OvNf4N4AaABAg,2022-08-15T22:33:14Z,2022-08-15T22:33:14Z,1,Nice
nW948Va-l10,UgzTQJ1Nd0XRUkG9GMZ4AaABAg,2022-08-15T10:13:34Z,2022-08-15T10:13:34Z,0,Ohh I think loki season 2🥴
nW948Va-l10,UgxmynJiZER1NArqhEh4AaABAg,2022-08-14T03:45:06Z,2022-08-14T03:45:06Z,3,The best marvel series till today🥺❣️
nW948Va-l10,Ugyu7kQQ1WfZwfRUKjR4AaABAg,2022-08-14T03:40:18Z,2022-08-14T03:43:35Z,0,well after sam and bucky show is over they also say we're done too and now you can also take it from here loki too and good luck with time travel thanks. and loki will say good luck with your movie. sam wilson thank you loki the world will know soon enough good luck with your second season loki thank you and you two with your movie sam willson yea
nW948Va-l10,Ugy00RUVTqKGyaWHPJZ4AaABAg,2022-08-13T15:42:38Z,2022-08-13T15:42:38Z,0,Just Imagine you are watching Avengers Endgame for first time in 2019 and there's a post credit scene which shows the first look of Kang the conqueror like how we saw Thanos in The Avengers post credit scene
nW948Va-l10,Ugz-KAtEpwGSIrL4zch4AaABAg,2022-08-13T05:02:31Z,2022-08-13T05:02:31Z,1,Gosh this series is just so Loki. Even the music 😂
nW948Va-l10,UgxjJCteS4h6lnfD49l4AaABAg,2022-08-11T13:45:23Z,2022-08-11T13:45:23Z,3,Pw
nW948Va-l10,Ugwb21YtzAKBwHwuCEx4AaABAg,2022-08-11T06:25:03Z,2022-08-11T06:25:03Z,0,Please marvel 🥺 i love you please give the loki's iconic asgard lether costume for loki season 2 🥺🙏😥
nW948Va-l10,UgyPKRMq1R8uwjiIild4AaABAg,2022-08-10T14:05:55Z,2022-08-10T14:05:55Z,1,"You either die a villain, or live long enough to see yourself become the hero"
nW948Va-l10,UgyWda0SAWL_paB_Jat4AaABAg,2022-08-08T21:03:10Z,2022-08-08T21:03:10Z,0,CGI'd out the superior loki omg
nW948Va-l10,Ugz0IxIdCFxVQcFcgal4AaABAg,2022-08-08T14:40:27Z,2022-08-08T14:40:27Z,0,"That old lady didn’t intend to team up with Loki, maybe she thought Loki is a bit of obtuse, and condescending. A little bit of gender based prejudice?? You know, he is Loki, that reputation shouldn’t have that kind of human factor"
nW948Va-l10,Ugwc4uUq6MgJ31WEvSh4AaABAg,2022-08-06T18:25:10Z,2022-08-06T18:25:10Z,11,Why is this in pw playlist??
nW948Va-l10,UgxwSerbrpRjzI_yp7V4AaABAg,2022-08-06T09:20:57Z,2022-08-06T09:20:57Z,11,Why this video is in pw's animal kingdom playlist
nW948Va-l10,Ugw3OEPpNDzQ6KY1a1Z4AaABAg,2022-08-03T18:41:42Z,2022-08-03T18:41:42Z,11,how is this video in pw playlist😲
nW948Va-l10,UgzD1rGDlqNYH3EtJuJ4AaABAg,2022-08-03T14:31:34Z,2022-08-03T14:31:34Z,2,Wonderful! What a wonderful character is loki! ✨
nW948Va-l10,UgyB8I2m-stdwq1fX1J4AaABAg,2022-08-03T02:01:23Z,2022-08-03T02:01:23Z,1,Really loki was not dead
nW948Va-l10,UgyrzgF6W1ufMFX-mU14AaABAg,2022-08-02T10:35:25Z,2022-08-02T10:35:25Z,3,Biggest disappointment of the year
nW948Va-l10,Ugz2vz6KYdu-NKJezyV4AaABAg,2022-08-02T09:35:54Z,2022-08-02T09:35:54Z,4,I am very much looking forward to Loki season 2 🔥
nW948Va-l10,UgzxguGq8vhP-tansb14AaABAg,2022-08-02T09:23:20Z,2022-08-02T09:23:20Z,1,Rise of kang..
nW948Va-l10,UgwgCmkIaoc6-SXQH7F4AaABAg,2022-08-02T00:31:12Z,2022-08-02T00:31:12Z,0,$25-$30/ hour. Just search on YouTube for how to make money online without losing your mind. I had no job. This channel helped me.
nW948Va-l10,Ugxp3cqrsC_TSpsTwUt4AaABAg,2022-07-30T23:34:01Z,2022-07-30T23:34:01Z,0,💚
nW948Va-l10,UgxvoKR86fEDZY2uVKh4AaABAg,2022-07-29T01:37:07Z,2022-07-29T01:37:07Z,0,Best marvel show by a mile tbh
nW948Va-l10,UgxnljULTd830Uy22Fx4AaABAg,2022-07-28T16:33:24Z,2022-07-28T16:33:24Z,0,An i ZEG
nW948Va-l10,UgwE6N8rInUbNSqIF-J4AaABAg,2022-07-28T16:32:11Z,2022-07-28T16:32:11Z,0,Selina-Mae Hopkins-Birsen Badgasse 5ORT Langenau Germany Ehemann Ümit Birsen fikret Avcioglu SOS
nW948Va-l10,Ugxm1_iR6QlJmbksjQx4AaABAg,2022-07-28T16:31:55Z,2022-07-28T16:31:55Z,0,ZEG
nW948Va-l10,UgzTTq0H923yRQkGxLJ4AaABAg,2022-07-28T13:19:18Z,2022-07-28T13:19:18Z,0,Loki's my favourite character 💚 eagerly waiting for second season🥲
nW948Va-l10,Ugzz848UoqjsHtHnUMp4AaABAg,2022-07-27T09:20:22Z,2022-07-27T09:20:22Z,1,"I  just rewatched this series, I love it, I can't wait for another season of this"
nW948Va-l10,UgyG00ekHlIvXLo72Yd4AaABAg,2022-07-26T11:17:21Z,2022-07-26T11:17:21Z,0,@loki. No George Eliot. James Joyce and T.S. Eliot. And a bit of Teapot around the universe.
nW948Va-l10,Ugy-tDChRXvUjc4GrZl4AaABAg,2022-07-24T23:47:10Z,2022-07-24T23:47:10Z,0,"I think the movie's year is 2012, it's the year the avengers went back to get the stones and they failed to get the space stone"
nW948Va-l10,UgzQHOPs3UZk5qChd4h4AaABAg,2022-07-24T15:24:00Z,2022-07-24T15:24:00Z,0,"Loki is so awesome.  I can really get into his character.   I'm coming to love Loki more and more every day.  Loki knew that he saw Thor and Rocket Raccoon try and sneak by as he was laying in his couch tossing up a cup in the air. That was truly hilarious.  Frigga (to Thor):  ""You sneaking around?!!!! That is more like your brother.""   When she said that, I fell out in my own apartment--pissing with laughter!!!!!"
nW948Va-l10,Ugx31YzucoILSgLnW_54AaABAg,2022-07-24T14:25:30Z,2022-07-24T14:25:30Z,0,Thumbs up for the Trailer Disney.  I do have a subscription to your Disney Channel.
nW948Va-l10,UgzC3xnG0mbzkjM3Z214AaABAg,2022-07-24T14:02:32Z,2022-07-24T14:02:32Z,0,@0:49 though.   Loki!!!!!!!!!  Loki!!!!!!!!  Loki!!!!!!!  He is such a God of mischief.
nW948Va-l10,UgwAZiknqE8F_Yc2DrZ4AaABAg,2022-07-24T14:00:12Z,2022-07-24T14:00:12Z,0,"LMAO at ""Sign this too.""   The paper said ""This is absurd.""  Loki!!!!!  Loki!!!!!  Loki!!!!!!!  He's the God of mischief.   I'm getting ready to get into the Loki mode MCU--I'm just kind of slow at the moment.  I don't know what it is but something about Loki really fascinates me.   I just hope that I don't become a full-fledge ""Loki worshipper"".  But Loki keeps me cracking up and also fascinated at how He truly is THE GOD of Mischief.  Loki!!!!!!!!!  Loki!!!!!!!  Loki!!!!!!!!!!"
nW948Va-l10,UgxZ1VM6xoib0BO1UbN4AaABAg,2022-07-23T11:52:38Z,2022-07-23T11:53:15Z,0,"My 3Rd Favourite Series Ever
1st.  What If
2nd. I am Groot
3rd Loki"
nW948Va-l10,UgwxXTZSZoJFvRiyOUZ4AaABAg,2022-07-22T20:53:44Z,2022-07-22T20:53:44Z,1,By the way about 1 week ago they showed pictures of Season 2 and it looked like Mobius Loki and Sylvie were at a McDonalds
nW948Va-l10,UgyxvbLaM-7elNPp7CJ4AaABAg,2022-07-20T18:07:22Z,2022-07-20T18:07:22Z,5,Why is this in PhysicsWallah's animal kingdom playlist
